N,impl,run_index,time_s,gflops
500,python,0,9.802915e+00,2.550262e-02
500,numpy,0,1.589778e-03,1.572547e+02
500,scipy,0,2.617116e-02,9.552499e+00
500,cupy_fp32,0,2.041110e-04,1.224824e+03
500,cupy_fp64,0,5.139762e-03,4.864038e+01
500,c,0,3.185455e-01,7.848172e-01
500,python,1,9.765341e+00,2.560074e-02
500,numpy,1,2.708265e-03,9.231002e+01
500,scipy,1,1.853673e-02,1.348674e+01
500,cupy_fp32,1,2.011890e-04,1.242613e+03
500,cupy_fp64,1,2.943201e-03,8.494153e+01
500,c,1,2.964519e-01,8.433073e-01
500,python,2,9.659419e+00,2.588147e-02
500,numpy,2,1.592197e-03,1.570157e+02
500,scipy,2,1.474530e-02,1.695455e+01
500,cupy_fp32,2,1.992680e-04,1.254592e+03
500,cupy_fp64,2,4.205218e-03,5.944995e+01
500,c,2,3.314515e-01,7.542582e-01
500,python,3,9.739910e+00,2.566759e-02
500,numpy,3,1.936307e-03,1.291118e+02
500,scipy,3,1.868691e-02,1.337835e+01
500,cupy_fp32,3,2.022690e-04,1.235978e+03
500,cupy_fp64,3,5.144241e-03,4.859803e+01
500,c,3,3.229731e-01,7.740583e-01
500,python,4,9.838179e+00,2.541121e-02
500,numpy,4,1.520461e-03,1.644238e+02
500,scipy,4,1.776404e-02,1.407338e+01
500,cupy_fp32,4,4.184505e-03,5.974422e+01
500,cupy_fp64,4,2.948634e-03,8.478502e+01
500,c,4,3.292193e-01,7.593723e-01
500,python,5,9.740642e+00,2.566566e-02
500,numpy,5,1.972992e-03,1.267111e+02
500,scipy,5,1.466648e-02,1.704567e+01
500,cupy_fp32,5,2.092910e-04,1.194509e+03
500,cupy_fp64,5,2.937913e-03,8.509442e+01
500,c,5,2.933984e-01,8.520836e-01
500,python,6,9.787076e+00,2.554389e-02
500,numpy,6,1.523314e-03,1.641159e+02
500,scipy,6,5.923693e-03,4.220340e+01
500,cupy_fp32,6,1.990670e-04,1.255859e+03
500,cupy_fp64,6,6.170599e-03,4.051471e+01
500,c,6,3.314446e-01,7.542739e-01
500,python,7,9.634619e+00,2.594809e-02
500,numpy,7,1.606161e-03,1.556506e+02
500,scipy,7,1.545992e-02,1.617084e+01
500,cupy_fp32,7,1.903590e-04,1.313308e+03
500,cupy_fp64,7,2.940498e-03,8.501961e+01
500,c,7,3.008722e-01,8.309177e-01
500,python,8,9.701568e+00,2.576903e-02
500,numpy,8,1.566013e-03,1.596411e+02
500,scipy,8,4.327907e-03,5.776464e+01
500,cupy_fp32,8,1.988540e-04,1.257204e+03
500,cupy_fp64,8,2.944564e-03,8.490221e+01
500,c,8,2.962364e-01,8.439206e-01
500,python,9,9.705991e+00,2.575729e-02
500,numpy,9,1.499011e-03,1.667766e+02
500,scipy,9,9.607941e-03,2.602014e+01
500,cupy_fp32,9,1.909780e-04,1.309051e+03
500,cupy_fp64,9,2.965476e-03,8.430350e+01
500,c,9,3.516455e-01,7.109432e-01
500,python,10,9.724764e+00,2.570756e-02
500,numpy,10,1.602766e-03,1.559803e+02
500,scipy,10,1.513166e-02,1.652165e+01
500,cupy_fp32,10,1.974280e-04,1.266284e+03
500,cupy_fp64,10,2.939531e-03,8.504758e+01
500,c,10,2.948869e-01,8.477828e-01
500,python,11,9.681735e+00,2.582182e-02
500,numpy,11,2.299073e-03,1.087395e+02
500,scipy,11,3.320907e-02,7.528064e+00
500,cupy_fp32,11,1.963510e-04,1.273230e+03
500,cupy_fp64,11,2.940312e-03,8.502499e+01
500,c,11,3.008248e-01,8.310484e-01
500,python,12,9.588743e+00,2.607224e-02
500,numpy,12,1.561763e-03,1.600755e+02
500,scipy,12,1.069699e-02,2.337107e+01
500,cupy_fp32,12,2.018510e-04,1.238537e+03
500,cupy_fp64,12,2.950532e-03,8.473048e+01
500,c,12,2.933973e-01,8.520870e-01
500,python,13,9.781699e+00,2.555793e-02
500,numpy,13,2.224348e-03,1.123925e+02
500,scipy,13,3.023525e-02,8.268493e+00
500,cupy_fp32,13,1.977480e-04,1.264235e+03
500,cupy_fp64,13,2.958853e-03,8.449220e+01
500,c,13,3.181820e-01,7.857139e-01
500,python,14,9.732320e+00,2.568761e-02
500,numpy,14,1.575053e-03,1.587248e+02
500,scipy,14,2.841801e-02,8.797238e+00
500,cupy_fp32,14,1.989170e-04,1.256806e+03
500,cupy_fp64,14,5.144170e-03,4.859870e+01
500,c,14,3.175783e-01,7.872074e-01
500,python,15,9.624785e+00,2.597461e-02
500,numpy,15,1.799409e-03,1.389345e+02
500,scipy,15,8.757332e-03,2.854751e+01
500,cupy_fp32,15,2.029290e-04,1.231958e+03
500,cupy_fp64,15,2.940990e-03,8.500539e+01
500,c,15,2.976943e-01,8.397876e-01
500,python,16,9.824069e+00,2.544770e-02
500,numpy,16,1.564636e-03,1.597816e+02
500,scipy,16,3.463278e-02,7.218595e+00
500,cupy_fp32,16,2.036050e-04,1.227868e+03
500,cupy_fp64,16,2.943514e-03,8.493250e+01
500,c,16,2.915080e-01,8.576094e-01
500,python,17,9.757756e+00,2.562064e-02
500,numpy,17,1.600240e-03,1.562266e+02
500,scipy,17,8.581054e-03,2.913395e+01
500,cupy_fp32,17,2.455420e-04,1.018156e+03
500,cupy_fp64,17,4.710042e-03,5.307808e+01
500,c,17,3.258154e-01,7.673057e-01
500,python,18,9.444551e+00,2.647029e-02
500,numpy,18,1.515414e-03,1.649714e+02
500,scipy,18,3.430384e-02,7.287815e+00
500,cupy_fp32,18,2.105060e-04,1.187615e+03
500,cupy_fp64,18,5.079601e-03,4.921646e+01
500,c,18,3.118951e-01,8.015516e-01
500,python,19,9.146276e+00,2.733353e-02
500,numpy,19,1.529541e-03,1.634477e+02
500,scipy,19,2.254039e-02,1.109120e+01
500,cupy_fp32,19,1.996460e-04,1.252216e+03
500,cupy_fp64,19,9.187593e-03,2.721061e+01
500,c,19,3.207552e-01,7.794105e-01
500,python,20,9.006760e+00,2.775693e-02
500,numpy,20,2.683275e-03,9.316973e+01
500,scipy,20,2.559484e-02,9.767593e+00
500,cupy_fp32,20,1.969900e-04,1.269100e+03
500,cupy_fp64,20,5.446995e-03,4.589687e+01
500,c,20,3.233335e-01,7.731955e-01
500,python,21,8.662667e+00,2.885947e-02
500,numpy,21,1.459139e-03,1.713339e+02
500,scipy,21,7.490796e-03,3.337429e+01
500,cupy_fp32,21,1.907820e-04,1.310396e+03
500,cupy_fp64,21,2.939814e-03,8.503939e+01
500,c,21,2.968974e-01,8.420418e-01
500,python,22,8.550401e+00,2.923840e-02
500,numpy,22,1.936690e-03,1.290862e+02
500,scipy,22,8.326760e-03,3.002368e+01
500,cupy_fp32,22,2.027480e-04,1.233058e+03
500,cupy_fp64,22,8.162553e-03,3.062767e+01
500,c,22,3.335056e-01,7.496126e-01
500,python,23,9.021493e+00,2.771160e-02
500,numpy,23,2.545384e-03,9.821701e+01
500,scipy,23,1.769861e-02,1.412540e+01
500,cupy_fp32,23,1.966000e-04,1.271617e+03
500,cupy_fp64,23,5.871698e-03,4.257712e+01
500,c,23,3.235649e-01,7.726425e-01
500,python,24,9.102999e+00,2.746348e-02
500,numpy,24,5.259230e-03,4.753548e+01
500,scipy,24,3.209971e-02,7.788233e+00
500,cupy_fp32,24,2.030680e-04,1.231115e+03
500,cupy_fp64,24,1.012924e-02,2.468102e+01
500,c,24,3.167118e-01,7.893612e-01
500,python,25,8.811400e+00,2.837233e-02
500,numpy,25,1.569849e-03,1.592510e+02
500,scipy,25,2.112128e-02,1.183640e+01
500,cupy_fp32,25,2.000920e-04,1.249425e+03
500,cupy_fp64,25,6.145174e-03,4.068233e+01
500,c,25,3.193007e-01,7.829610e-01
500,python,26,8.811928e+00,2.837064e-02
500,numpy,26,1.610124e-03,1.552675e+02
500,scipy,26,2.405369e-02,1.039341e+01
500,cupy_fp32,26,2.038010e-04,1.226687e+03
500,cupy_fp64,26,6.153623e-03,4.062647e+01
500,c,26,3.231800e-01,7.735628e-01
500,python,27,9.070376e+00,2.756225e-02
500,numpy,27,1.849950e-03,1.351388e+02
500,scipy,27,3.553905e-02,7.034515e+00
500,cupy_fp32,27,2.036200e-04,1.227777e+03
500,cupy_fp64,27,1.016674e-02,2.459000e+01
500,c,27,3.162274e-01,7.905702e-01
500,python,28,9.140963e+00,2.734942e-02
500,numpy,28,2.560426e-03,9.764000e+01
500,scipy,28,3.618266e-02,6.909388e+00
500,cupy_fp32,28,1.992860e-04,1.254478e+03
500,cupy_fp64,28,2.944692e-03,8.489852e+01
500,c,28,2.915980e-01,8.573448e-01
500,python,29,8.985946e+00,2.782122e-02
500,numpy,29,2.604673e-03,9.598134e+01
500,scipy,29,1.164734e-02,2.146413e+01
500,cupy_fp32,29,2.385380e-04,1.048051e+03
500,cupy_fp64,29,2.942882e-03,8.495074e+01
500,c,29,2.954280e-01,8.462298e-01
600,python,0,1.453343e+01,2.972456e-02
600,numpy,0,5.133454e-03,8.415387e+01
600,scipy,0,1.840758e-02,2.346859e+01
600,cupy_fp32,0,2.542750e-04,1.698948e+03
600,cupy_fp64,0,5.062287e-03,8.533692e+01
600,c,0,4.939298e-01,8.746183e-01
600,python,1,1.403185e+01,3.078709e-02
600,numpy,1,2.580661e-03,1.673990e+02
600,scipy,1,4.175586e-03,1.034585e+02
600,cupy_fp32,1,2.518250e-04,1.715477e+03
600,cupy_fp64,1,4.990684e-03,8.656128e+01
600,c,1,5.083889e-01,8.497431e-01
600,python,2,1.416797e+01,3.049131e-02
600,numpy,2,2.927816e-03,1.475503e+02
600,scipy,2,5.115442e-02,8.445018e+00
600,cupy_fp32,2,2.974300e-04,1.452443e+03
600,cupy_fp64,2,1.021568e-02,4.228792e+01
600,c,2,5.053536e-01,8.548470e-01
600,python,3,1.421034e+01,3.040039e-02
600,numpy,3,2.939359e-03,1.469708e+02
600,scipy,3,2.860693e-02,1.510123e+01
600,cupy_fp32,3,2.543280e-04,1.698594e+03
600,cupy_fp64,3,5.670616e-03,7.618220e+01
600,c,3,5.175517e-01,8.346992e-01
600,python,4,1.419415e+01,3.043507e-02
600,numpy,4,2.655419e-03,1.626862e+02
600,scipy,4,2.302657e-02,1.876093e+01
600,cupy_fp32,4,2.542600e-04,1.699048e+03
600,cupy_fp64,4,6.997403e-03,6.173719e+01
600,c,4,5.177175e-01,8.344319e-01
600,python,5,1.426269e+01,3.028881e-02
600,numpy,5,2.654939e-03,1.627156e+02
600,scipy,5,4.516884e-02,9.564115e+00
600,cupy_fp32,5,2.523440e-04,1.711949e+03
600,cupy_fp64,5,8.207209e-03,5.263665e+01
600,c,5,5.057370e-01,8.541989e-01
600,python,6,1.432735e+01,3.015212e-02
600,numpy,6,2.700069e-03,1.599959e+02
600,scipy,6,2.449955e-02,1.763298e+01
600,cupy_fp32,6,2.559930e-04,1.687546e+03
600,cupy_fp64,6,4.945525e-03,8.735170e+01
600,c,6,5.280953e-01,8.180342e-01
600,python,7,1.428795e+01,3.023526e-02
600,numpy,7,2.741554e-03,1.575749e+02
600,scipy,7,2.498101e-02,1.729314e+01
600,cupy_fp32,7,2.519990e-04,1.714293e+03
600,cupy_fp64,7,5.749777e-03,7.513335e+01
600,c,7,5.181127e-01,8.337954e-01
600,python,8,1.408116e+01,3.067930e-02
600,numpy,8,2.524915e-03,1.710949e+02
600,scipy,8,2.956982e-02,1.460949e+01
600,cupy_fp32,8,2.522260e-04,1.712750e+03
600,cupy_fp64,8,4.944660e-03,8.736698e+01
600,c,8,5.268466e-01,8.199731e-01
600,python,9,1.411703e+01,3.060133e-02
600,numpy,9,2.561621e-03,1.686432e+02
600,scipy,9,1.955475e-02,2.209182e+01
600,cupy_fp32,9,2.539610e-04,1.701049e+03
600,cupy_fp64,9,8.620594e-03,5.011256e+01
600,c,9,5.272371e-01,8.193657e-01
600,python,10,1.407450e+01,3.069380e-02
600,numpy,10,3.143426e-03,1.374297e+02
600,scipy,10,2.337514e-02,1.848117e+01
600,cupy_fp32,10,2.551870e-04,1.692876e+03
600,cupy_fp64,10,6.998479e-03,6.172770e+01
600,c,10,5.261366e-01,8.210796e-01
600,python,11,1.412186e+01,3.059088e-02
600,numpy,11,2.539682e-03,1.701000e+02
600,scipy,11,2.178969e-02,1.982589e+01
600,cupy_fp32,11,2.599690e-04,1.661737e+03
600,cupy_fp64,11,8.473805e-03,5.098064e+01
600,c,11,5.245647e-01,8.235400e-01
600,python,12,1.405874e+01,3.072822e-02
600,numpy,12,3.466759e-03,1.246121e+02
600,scipy,12,3.552961e-02,1.215887e+01
600,cupy_fp32,12,2.495400e-04,1.731185e+03
600,cupy_fp64,12,8.627153e-03,5.007446e+01
600,c,12,5.148603e-01,8.390626e-01
600,python,13,1.429497e+01,3.022042e-02
600,numpy,13,2.554646e-03,1.691037e+02
600,scipy,13,8.875775e-03,4.867181e+01
600,cupy_fp32,13,2.594770e-04,1.664887e+03
600,cupy_fp64,13,5.655791e-03,7.638189e+01
600,c,13,5.305444e-01,8.142580e-01
600,python,14,1.417819e+01,3.046934e-02
600,numpy,14,2.663191e-03,1.622114e+02
600,scipy,14,2.083301e-02,2.073633e+01
600,cupy_fp32,14,2.549970e-04,1.694138e+03
600,cupy_fp64,14,8.634587e-03,5.003134e+01
600,c,14,5.255442e-01,8.220051e-01
600,python,15,1.447476e+01,2.984506e-02
600,numpy,15,2.592530e-03,1.666326e+02
600,scipy,15,6.642265e-02,6.503806e+00
600,cupy_fp32,15,2.908700e-04,1.485200e+03
600,cupy_fp64,15,2.302137e-02,1.876518e+01
600,c,15,4.992876e-01,8.652329e-01
600,python,16,1.421081e+01,3.039938e-02
600,numpy,16,2.578173e-03,1.675605e+02
600,scipy,16,2.955197e-02,1.461831e+01
600,cupy_fp32,16,2.539540e-04,1.701095e+03
600,cupy_fp64,16,5.620308e-03,7.686411e+01
600,c,16,5.209133e-01,8.293127e-01
600,python,17,1.437488e+01,3.005243e-02
600,numpy,17,2.591846e-03,1.666766e+02
600,scipy,17,2.786999e-02,1.550054e+01
600,cupy_fp32,17,2.492950e-04,1.732887e+03
600,cupy_fp64,17,4.940443e-03,8.744155e+01
600,c,17,5.212191e-01,8.288260e-01
600,python,18,1.446398e+01,2.986730e-02
600,numpy,18,2.572566e-03,1.679257e+02
600,scipy,18,2.706225e-02,1.596319e+01
600,cupy_fp32,18,2.521860e-04,1.713021e+03
600,cupy_fp64,18,8.657518e-03,4.989883e+01
600,c,18,5.150249e-01,8.387945e-01
600,python,19,1.411529e+01,3.060511e-02
600,numpy,19,3.263615e-03,1.323686e+02
600,scipy,19,1.014299e-01,4.259097e+00
600,cupy_fp32,19,2.525190e-04,1.710762e+03
600,cupy_fp64,19,4.952230e-03,8.723343e+01
600,c,19,5.166921e-01,8.360879e-01
600,python,20,1.433740e+01,3.013099e-02
600,numpy,20,3.320540e-03,1.300993e+02
600,scipy,20,1.561518e-02,2.766538e+01
600,cupy_fp32,20,2.450650e-04,1.762798e+03
600,cupy_fp64,20,4.976235e-03,8.681262e+01
600,c,20,5.243991e-01,8.238001e-01
600,python,21,1.434220e+01,3.012090e-02
600,numpy,21,2.619134e-03,1.649400e+02
600,scipy,21,4.896518e-02,8.822596e+00
600,cupy_fp32,21,2.548810e-04,1.694909e+03
600,cupy_fp64,21,4.948464e-03,8.729982e+01
600,c,21,4.880527e-01,8.851503e-01
600,python,22,1.447221e+01,2.985031e-02
600,numpy,22,2.513486e-03,1.718728e+02
600,scipy,22,3.506900e-02,1.231857e+01
600,cupy_fp32,22,2.519640e-04,1.714531e+03
600,cupy_fp64,22,1.368137e-02,3.157579e+01
600,c,22,5.197248e-01,8.312091e-01
600,python,23,1.425296e+01,3.030949e-02
600,numpy,23,3.481635e-03,1.240796e+02
600,scipy,23,2.617753e-02,1.650270e+01
600,cupy_fp32,23,2.520950e-04,1.713640e+03
600,cupy_fp64,23,5.224402e-03,8.268889e+01
600,c,23,5.280638e-01,8.180830e-01
600,python,24,1.419293e+01,3.043769e-02
600,numpy,24,2.569940e-03,1.680973e+02
600,scipy,24,2.167954e-02,1.992663e+01
600,cupy_fp32,24,2.482020e-04,1.740518e+03
600,cupy_fp64,24,4.942049e-03,8.741314e+01
600,c,24,5.239605e-01,8.244897e-01
600,python,25,1.428797e+01,3.023523e-02
600,numpy,25,2.563991e-03,1.684873e+02
600,scipy,25,2.873694e-02,1.503292e+01
600,cupy_fp32,25,2.534920e-04,1.704196e+03
600,cupy_fp64,25,5.166154e-03,8.362120e+01
600,c,25,5.245741e-01,8.235252e-01
600,python,26,1.419379e+01,3.043585e-02
600,numpy,26,2.601801e-03,1.660388e+02
600,scipy,26,1.055746e-02,4.091893e+01
600,cupy_fp32,26,2.472480e-04,1.747234e+03
600,cupy_fp64,26,1.627556e-02,2.654287e+01
600,c,26,5.377629e-01,8.033281e-01
600,python,27,1.398073e+01,3.089968e-02
600,numpy,27,2.590256e-03,1.667789e+02
600,scipy,27,1.524609e-02,2.833513e+01
600,cupy_fp32,27,2.499120e-04,1.728608e+03
600,cupy_fp64,27,4.944321e-03,8.737297e+01
600,c,27,5.252691e-01,8.224355e-01
600,python,28,1.429229e+01,3.022608e-02
600,numpy,28,2.650822e-03,1.629683e+02
600,scipy,28,3.442804e-02,1.254791e+01
600,cupy_fp32,28,2.536850e-04,1.702899e+03
600,cupy_fp64,28,4.942862e-03,8.739876e+01
600,c,28,5.238009e-01,8.247409e-01
600,python,29,1.459128e+01,2.960673e-02
600,numpy,29,2.515202e-03,1.717556e+02
600,scipy,29,2.420947e-02,1.784426e+01
600,cupy_fp32,29,2.504930e-04,1.724599e+03
600,cupy_fp64,29,4.942595e-03,8.740348e+01
600,c,29,5.461338e-01,7.910150e-01
700,python,0,2.326020e+01,2.949244e-02
700,numpy,0,7.089994e-03,9.675608e+01
700,scipy,0,6.132832e-02,1.118570e+01
700,cupy_fp32,0,3.475430e-04,1.973856e+03
700,cupy_fp64,0,7.499886e-03,9.146806e+01
700,c,0,8.166497e-01,8.400175e-01
700,python,1,2.285678e+01,3.001298e-02
700,numpy,1,3.995938e-03,1.716743e+02
700,scipy,1,4.308882e-02,1.592060e+01
700,cupy_fp32,1,4.317772e-03,1.588782e+02
700,cupy_fp64,1,7.413339e-03,9.253590e+01
700,c,1,8.376632e-01,8.189449e-01
700,python,2,2.271985e+01,3.019386e-02
700,numpy,2,4.009886e-03,1.710772e+02
700,scipy,2,4.430717e-02,1.548282e+01
700,cupy_fp32,2,3.511420e-04,1.953626e+03
700,cupy_fp64,2,7.411744e-03,9.255581e+01
700,c,2,8.357415e-01,8.208280e-01
700,python,3,2.292252e+01,2.992690e-02
700,numpy,3,4.238610e-03,1.618455e+02
700,scipy,3,3.030678e-02,2.263520e+01
700,cupy_fp32,3,3.924910e-04,1.747811e+03
700,cupy_fp64,3,7.439643e-03,9.220873e+01
700,c,3,8.518963e-01,8.052623e-01
700,python,4,2.268889e+01,3.023506e-02
700,numpy,4,4.166729e-03,1.646375e+02
700,scipy,4,6.219958e-02,1.102901e+01
700,cupy_fp32,4,3.662900e-04,1.872833e+03
700,cupy_fp64,4,7.421494e-03,9.243422e+01
700,c,4,8.175056e-01,8.391380e-01
700,python,5,2.236792e+01,3.066892e-02
700,numpy,5,4.007319e-03,1.711868e+02
700,scipy,5,1.679568e-02,4.084384e+01
700,cupy_fp32,5,3.491720e-04,1.964648e+03
700,cupy_fp64,5,7.408777e-03,9.259288e+01
700,c,5,8.346085e-01,8.219422e-01
700,python,6,2.304385e+01,2.976933e-02
700,numpy,6,4.289289e-03,1.599333e+02
700,scipy,6,2.235884e-02,3.068138e+01
700,cupy_fp32,6,3.523520e-04,1.946917e+03
700,cupy_fp64,6,7.404212e-03,9.264997e+01
700,c,6,8.347768e-01,8.217766e-01
700,python,7,2.235286e+01,3.068958e-02
700,numpy,7,4.809326e-03,1.426395e+02
700,scipy,7,2.166656e-02,3.166169e+01
700,cupy_fp32,7,3.469240e-04,1.977378e+03
700,cupy_fp64,7,7.413420e-03,9.253489e+01
700,c,7,8.336675e-01,8.228701e-01
700,python,8,2.220779e+01,3.089007e-02
700,numpy,8,4.030330e-03,1.702094e+02
700,scipy,8,2.915461e-02,2.352972e+01
700,cupy_fp32,8,3.451600e-04,1.987484e+03
700,cupy_fp64,8,7.413271e-03,9.253675e+01
700,c,8,8.389906e-01,8.176492e-01
700,python,9,2.256024e+01,3.040748e-02
700,numpy,9,6.996584e-03,9.804785e+01
700,scipy,9,3.467798e-02,1.978200e+01
700,cupy_fp32,9,3.596290e-04,1.907521e+03
700,cupy_fp64,9,7.403953e-03,9.265321e+01
700,c,9,8.471821e-01,8.097433e-01
700,python,10,2.280936e+01,3.007538e-02
700,numpy,10,4.528409e-03,1.514881e+02
700,scipy,10,2.775895e-02,2.471275e+01
700,cupy_fp32,10,3.521010e-04,1.948305e+03
700,cupy_fp64,10,8.453077e-03,8.115388e+01
700,c,10,8.510102e-01,8.061008e-01
700,python,11,2.314496e+01,2.963928e-02
700,numpy,11,4.662041e-03,1.471459e+02
700,scipy,11,4.755441e-02,1.442558e+01
700,cupy_fp32,11,3.850380e-04,1.781642e+03
700,cupy_fp64,11,7.430692e-03,9.231980e+01
700,c,11,8.465727e-01,8.103261e-01
700,python,12,2.282426e+01,3.005573e-02
700,numpy,12,4.114131e-03,1.667424e+02
700,scipy,12,3.350914e-02,2.047202e+01
700,cupy_fp32,12,3.562430e-04,1.925652e+03
700,cupy_fp64,12,7.405883e-03,9.262906e+01
700,c,12,8.559479e-01,8.014506e-01
700,python,13,2.267259e+01,3.025679e-02
700,numpy,13,4.595257e-03,1.492844e+02
700,scipy,13,2.580013e-02,2.658901e+01
700,cupy_fp32,13,3.584780e-04,1.913646e+03
700,cupy_fp64,13,1.139927e-02,6.017931e+01
700,c,13,8.591556e-01,7.984583e-01
700,python,14,2.294616e+01,2.989607e-02
700,numpy,14,4.405032e-03,1.557310e+02
700,scipy,14,2.104010e-02,3.260441e+01
700,cupy_fp32,14,3.531340e-04,1.942605e+03
700,cupy_fp64,14,7.402817e-03,9.266743e+01
700,c,14,8.705796e-01,7.879808e-01
700,python,15,2.338928e+01,2.932968e-02
700,numpy,15,4.157143e-03,1.650172e+02
700,scipy,15,2.973918e-02,2.306721e+01
700,cupy_fp32,15,3.823560e-04,1.794139e+03
700,cupy_fp64,15,1.095318e-02,6.263022e+01
700,c,15,8.487706e-01,8.082278e-01
700,python,16,2.308900e+01,2.971112e-02
700,numpy,16,4.138287e-03,1.657691e+02
700,scipy,16,3.570182e-02,1.921471e+01
700,cupy_fp32,16,3.561990e-04,1.925890e+03
700,cupy_fp64,16,8.391901e-03,8.174548e+01
700,c,16,8.523547e-01,8.048293e-01
700,python,17,2.318054e+01,2.959379e-02
700,numpy,17,4.312869e-03,1.590589e+02
700,scipy,17,4.169624e-02,1.645232e+01
700,cupy_fp32,17,3.936630e-04,1.742607e+03
700,cupy_fp64,17,8.107585e-03,8.461213e+01
700,c,17,8.333331e-01,8.232002e-01
700,python,18,2.292818e+01,2.991952e-02
700,numpy,18,4.124438e-03,1.663257e+02
700,scipy,18,5.124056e-02,1.338783e+01
700,cupy_fp32,18,4.361503e-03,1.572852e+02
700,cupy_fp64,18,9.318314e-03,7.361847e+01
700,c,18,8.270210e-01,8.294832e-01
700,python,19,2.289191e+01,2.996692e-02
700,numpy,19,4.053202e-03,1.692489e+02
700,scipy,19,4.184183e-02,1.639508e+01
700,cupy_fp32,19,3.507260e-04,1.955943e+03
700,cupy_fp64,19,8.486802e-03,8.083139e+01
700,c,19,8.347438e-01,8.218091e-01
700,python,20,2.248389e+01,3.051073e-02
700,numpy,20,4.934876e-03,1.390106e+02
700,scipy,20,3.845047e-02,1.784113e+01
700,cupy_fp32,20,3.595240e-04,1.908078e+03
700,cupy_fp64,20,7.407419e-03,9.260986e+01
700,c,20,8.474985e-01,8.094410e-01
700,python,21,2.333236e+01,2.940123e-02
700,numpy,21,3.996209e-03,1.716627e+02
700,scipy,21,1.786659e-02,3.839570e+01
700,cupy_fp32,21,3.515240e-04,1.951503e+03
700,cupy_fp64,21,7.413267e-03,9.253680e+01
700,c,21,8.399044e-01,8.167596e-01
700,python,22,2.319112e+01,2.958029e-02
700,numpy,22,3.972208e-03,1.726999e+02
700,scipy,22,4.145145e-02,1.654948e+01
700,cupy_fp32,22,3.478330e-04,1.972211e+03
700,cupy_fp64,22,7.407557e-03,9.260813e+01
700,c,22,8.392699e-01,8.173772e-01
700,python,23,2.338264e+01,2.933800e-02
700,numpy,23,4.043002e-03,1.696759e+02
700,scipy,23,1.552843e-02,4.417705e+01
700,cupy_fp32,23,3.514680e-04,1.951814e+03
700,cupy_fp64,23,7.405977e-03,9.262789e+01
700,c,23,8.423310e-01,8.144067e-01
700,python,24,2.352581e+01,2.915947e-02
700,numpy,24,4.859469e-03,1.411677e+02
700,scipy,24,4.230189e-02,1.621677e+01
700,cupy_fp32,24,3.871040e-04,1.772134e+03
700,cupy_fp64,24,7.407350e-03,9.261072e+01
700,c,24,8.384685e-01,8.181584e-01
700,python,25,2.340227e+01,2.931340e-02
700,numpy,25,7.183861e-03,9.549183e+01
700,scipy,25,1.554067e-02,4.414224e+01
700,cupy_fp32,25,3.544070e-04,1.935628e+03
700,cupy_fp64,25,7.425435e-03,9.238516e+01
700,c,25,8.365343e-01,8.200501e-01
700,python,26,2.397314e+01,2.861536e-02
700,numpy,26,4.082124e-03,1.680498e+02
700,scipy,26,2.545457e-02,2.694998e+01
700,cupy_fp32,26,3.896760e-04,1.760437e+03
700,cupy_fp64,26,7.411202e-03,9.256258e+01
700,c,26,8.503639e-01,8.067134e-01
700,python,27,2.365688e+01,2.899791e-02
700,numpy,27,4.005310e-03,1.712726e+02
700,scipy,27,1.714230e-02,4.001797e+01
700,cupy_fp32,27,3.509850e-04,1.954499e+03
700,cupy_fp64,27,7.412511e-03,9.254624e+01
700,c,27,8.561234e-01,8.012863e-01
700,python,28,2.445735e+01,2.804883e-02
700,numpy,28,3.946830e-03,1.738104e+02
700,scipy,28,3.428015e-02,2.001158e+01
700,cupy_fp32,28,3.512690e-04,1.952919e+03
700,cupy_fp64,28,7.408855e-03,9.259191e+01
700,c,28,8.486314e-01,8.083603e-01
700,python,29,2.344468e+01,2.926038e-02
700,numpy,29,4.004699e-03,1.712988e+02
700,scipy,29,4.600863e-02,1.491025e+01
700,cupy_fp32,29,3.506510e-04,1.956361e+03
700,cupy_fp64,29,7.415137e-03,9.251346e+01
700,c,29,8.324970e-01,8.240270e-01
800,python,0,3.536275e+01,2.895702e-02
800,numpy,0,5.684342e-03,1.801440e+02
800,scipy,0,3.891171e-02,2.631599e+01
800,cupy_fp32,0,4.409910e-04,2.322043e+03
800,cupy_fp64,0,1.049545e-02,9.756607e+01
800,c,0,1.301874e+00,7.865586e-01
800,python,1,3.502878e+01,2.923311e-02
800,numpy,1,6.390266e-03,1.602437e+02
800,scipy,1,5.794893e-02,1.767073e+01
800,cupy_fp32,1,4.495620e-04,2.277773e+03
800,cupy_fp64,1,1.038132e-02,9.863866e+01
800,c,1,1.271629e+00,8.052665e-01
800,python,2,3.401852e+01,3.010125e-02
800,numpy,2,5.641470e-03,1.815130e+02
800,scipy,2,7.935984e-02,1.290325e+01
800,cupy_fp32,2,4.431410e-04,2.310777e+03
800,cupy_fp64,2,1.034018e-02,9.903118e+01
800,c,2,1.225049e+00,8.358849e-01
800,python,3,3.619112e+01,2.829423e-02
800,numpy,3,6.126067e-03,1.671546e+02
800,scipy,3,2.691516e-02,3.804547e+01
800,cupy_fp32,3,4.408330e-04,2.322875e+03
800,cupy_fp64,3,1.299779e-02,7.878261e+01
800,c,3,1.248598e+00,8.201197e-01
800,python,4,3.619743e+01,2.828930e-02
800,numpy,4,6.364415e-03,1.608946e+02
800,scipy,4,2.716010e-02,3.770237e+01
800,cupy_fp32,4,4.471410e-04,2.290105e+03
800,cupy_fp64,4,1.179573e-02,8.681105e+01
800,c,4,1.272870e+00,8.044811e-01
800,python,5,3.477543e+01,2.944608e-02
800,numpy,5,5.709645e-03,1.793457e+02
800,scipy,5,6.604312e-02,1.550502e+01
800,cupy_fp32,5,4.785180e-04,2.139940e+03
800,cupy_fp64,5,1.038931e-02,9.856283e+01
800,c,5,1.245510e+00,8.221530e-01
800,python,6,3.441741e+01,2.975238e-02
800,numpy,6,5.803595e-03,1.764424e+02
800,scipy,6,5.684132e-02,1.801506e+01
800,cupy_fp32,6,4.400200e-04,2.327167e+03
800,cupy_fp64,6,1.034937e-02,9.894323e+01
800,c,6,1.227537e+00,8.341906e-01
800,python,7,3.401791e+01,3.010179e-02
800,numpy,7,1.282510e-02,7.984346e+01
800,scipy,7,3.576735e-02,2.862946e+01
800,cupy_fp32,7,4.458150e-04,2.296917e+03
800,cupy_fp64,7,1.404437e-02,7.291179e+01
800,c,7,1.321475e+00,7.748919e-01
800,python,8,3.422761e+01,2.991737e-02
800,numpy,8,1.015534e-02,1.008337e+02
800,scipy,8,5.593808e-02,1.830596e+01
800,cupy_fp32,8,4.414200e-04,2.319786e+03
800,cupy_fp64,8,1.035296e-02,9.890895e+01
800,c,8,1.287796e+00,7.951571e-01
800,python,9,3.311329e+01,3.092414e-02
800,numpy,9,5.999334e-03,1.706856e+02
800,scipy,9,3.383039e-02,3.026865e+01
800,cupy_fp32,9,4.449420e-04,2.301424e+03
800,cupy_fp64,9,1.036305e-02,9.881260e+01
800,c,9,1.295597e+00,7.903695e-01
800,python,10,3.339964e+01,3.065901e-02
800,numpy,10,6.205640e-03,1.650112e+02
800,scipy,10,4.298124e-02,2.382435e+01
800,cupy_fp32,10,4.457310e-04,2.297350e+03
800,cupy_fp64,10,1.399781e-02,7.315431e+01
800,c,10,1.366843e+00,7.491718e-01
800,python,11,3.536360e+01,2.895632e-02
800,numpy,11,5.698903e-03,1.796837e+02
800,scipy,11,3.653822e-02,2.802545e+01
800,cupy_fp32,11,4.793480e-04,2.136235e+03
800,cupy_fp64,11,1.222750e-02,8.374563e+01
800,c,11,1.311422e+00,7.808321e-01
800,python,12,3.323876e+01,3.080741e-02
800,numpy,12,6.557773e-03,1.561506e+02
800,scipy,12,3.770758e-02,2.715634e+01
800,cupy_fp32,12,4.464090e-04,2.293861e+03
800,cupy_fp64,12,1.183592e-02,8.651634e+01
800,c,12,1.247331e+00,8.209529e-01
800,python,13,3.388332e+01,3.022136e-02
800,numpy,13,5.770072e-03,1.774675e+02
800,scipy,13,7.288419e-02,1.404969e+01
800,cupy_fp32,13,4.574670e-04,2.238413e+03
800,cupy_fp64,13,1.038600e-02,9.859430e+01
800,c,13,1.235146e+00,8.290515e-01
800,python,14,3.464200e+01,2.955950e-02
800,numpy,14,5.626813e-03,1.819858e+02
800,scipy,14,5.751908e-02,1.780279e+01
800,cupy_fp32,14,4.465830e-04,2.292967e+03
800,cupy_fp64,14,1.034759e-02,9.896029e+01
800,c,14,1.248161e+00,8.204071e-01
800,python,15,3.313504e+01,3.090384e-02
800,numpy,15,5.779072e-03,1.771911e+02
800,scipy,15,9.943965e-02,1.029770e+01
800,cupy_fp32,15,4.390660e-04,2.332223e+03
800,cupy_fp64,15,1.036433e-02,9.880038e+01
800,c,15,1.219283e+00,8.398381e-01
800,python,16,3.418676e+01,2.995312e-02
800,numpy,16,8.540967e-03,1.198927e+02
800,scipy,16,5.327813e-02,1.921989e+01
800,cupy_fp32,16,4.406720e-04,2.323724e+03
800,cupy_fp64,16,1.035142e-02,9.892364e+01
800,c,16,1.241133e+00,8.250525e-01
800,python,17,3.308699e+01,3.094872e-02
800,numpy,17,5.618547e-03,1.822535e+02
800,scipy,17,5.784521e-02,1.770242e+01
800,cupy_fp32,17,4.763790e-04,2.149549e+03
800,cupy_fp64,17,1.145401e-02,8.940097e+01
800,c,17,1.226268e+00,8.350541e-01
800,python,18,3.445996e+01,2.971564e-02
800,numpy,18,8.770628e-03,1.167533e+02
800,scipy,18,7.569783e-02,1.352747e+01
800,cupy_fp32,18,4.473010e-04,2.289286e+03
800,cupy_fp64,18,1.034803e-02,9.895602e+01
800,c,18,1.272434e+00,8.047566e-01
800,python,19,3.377215e+01,3.032084e-02
800,numpy,19,5.615556e-03,1.823506e+02
800,scipy,19,3.873629e-02,2.643516e+01
800,cupy_fp32,19,4.398930e-04,2.327839e+03
800,cupy_fp64,19,1.035647e-02,9.887535e+01
800,c,19,1.280452e+00,7.997177e-01
800,python,20,3.375276e+01,3.033826e-02
800,numpy,20,5.693216e-03,1.798632e+02
800,scipy,20,2.507312e-02,4.084055e+01
800,cupy_fp32,20,4.423220e-04,2.315056e+03
800,cupy_fp64,20,1.037374e-02,9.871075e+01
800,c,20,1.291648e+00,7.927855e-01
800,python,21,3.325680e+01,3.079070e-02
800,numpy,21,6.011668e-03,1.703354e+02
800,scipy,21,6.121074e-02,1.672909e+01
800,cupy_fp32,21,4.432270e-04,2.310329e+03
800,cupy_fp64,21,1.036429e-02,9.880074e+01
800,c,21,1.223548e+00,8.369104e-01
800,python,22,3.341225e+01,3.064745e-02
800,numpy,22,6.507690e-03,1.573523e+02
800,scipy,22,4.742431e-02,2.159230e+01
800,cupy_fp32,22,4.612990e-04,2.219818e+03
800,cupy_fp64,22,1.034414e-02,9.899328e+01
800,c,22,1.221606e+00,8.382411e-01
800,python,23,3.365993e+01,3.042193e-02
800,numpy,23,5.729429e-03,1.787264e+02
800,scipy,23,3.828624e-02,2.674590e+01
800,cupy_fp32,23,4.451030e-04,2.300591e+03
800,cupy_fp64,23,1.034398e-02,9.899483e+01
800,c,23,1.236756e+00,8.279725e-01
800,python,24,3.315586e+01,3.088444e-02
800,numpy,24,5.578597e-03,1.835587e+02
800,scipy,24,6.195210e-02,1.652890e+01
800,cupy_fp32,24,4.548130e-04,2.251475e+03
800,cupy_fp64,24,1.040793e-02,9.838652e+01
800,c,24,1.248368e+00,8.202707e-01
800,python,25,3.277930e+01,3.123923e-02
800,numpy,25,5.698556e-03,1.796946e+02
800,scipy,25,3.792900e-02,2.699781e+01
800,cupy_fp32,25,4.483850e-04,2.283752e+03
800,cupy_fp64,25,1.035583e-02,9.888148e+01
800,c,25,1.255458e+00,8.156386e-01
800,python,26,3.298486e+01,3.104454e-02
800,numpy,26,5.880007e-03,1.741495e+02
800,scipy,26,3.569986e-02,2.868359e+01
800,cupy_fp32,26,4.484840e-04,2.283248e+03
800,cupy_fp64,26,1.099840e-02,9.310449e+01
800,c,26,1.277868e+00,8.013348e-01
800,python,27,3.313822e+01,3.090087e-02
800,numpy,27,6.296930e-03,1.626189e+02
800,scipy,27,6.602644e-02,1.550894e+01
800,cupy_fp32,27,4.469360e-04,2.291156e+03
800,cupy_fp64,27,1.037399e-02,9.870841e+01
800,c,27,1.269898e+00,8.063637e-01
800,python,28,3.377958e+01,3.031417e-02
800,numpy,28,5.972696e-03,1.714469e+02
800,scipy,28,6.418073e-02,1.595494e+01
800,cupy_fp32,28,4.438720e-04,2.306971e+03
800,cupy_fp64,28,1.034068e-02,9.902634e+01
800,c,28,1.300423e+00,7.874359e-01
800,python,29,3.346963e+01,3.059490e-02
800,numpy,29,5.801498e-03,1.765061e+02
800,scipy,29,3.070354e-02,3.335121e+01
800,cupy_fp32,29,4.943850e-04,2.071260e+03
800,cupy_fp64,29,1.399835e-02,7.315148e+01
800,c,29,1.293162e+00,7.918577e-01
900,python,0,4.937708e+01,2.952787e-02
900,numpy,0,8.176915e-03,1.783069e+02
900,scipy,0,4.152236e-02,3.511361e+01
900,cupy_fp32,0,5.705520e-04,2.555420e+03
900,cupy_fp64,0,1.668820e-02,8.736712e+01
900,c,0,2.115291e+00,6.892667e-01
900,python,1,4.859516e+01,3.000299e-02
900,numpy,1,8.821438e-03,1.652792e+02
900,scipy,1,3.517721e-02,4.144729e+01
900,cupy_fp32,1,5.569050e-04,2.618041e+03
900,cupy_fp64,1,1.699665e-02,8.578163e+01
900,c,1,2.159444e+00,6.751738e-01
900,python,2,4.846594e+01,3.008298e-02
900,numpy,2,7.837492e-03,1.860289e+02
900,scipy,2,3.016294e-02,4.833746e+01
900,cupy_fp32,2,5.946380e-04,2.451912e+03
900,cupy_fp64,2,1.647097e-02,8.851936e+01
900,c,2,2.222228e+00,6.560982e-01
900,python,3,4.970213e+01,2.933476e-02
900,numpy,3,9.548974e-03,1.526866e+02
900,scipy,3,2.457290e-02,5.933366e+01
900,cupy_fp32,3,5.579770e-04,2.613011e+03
900,cupy_fp64,3,1.647956e-02,8.847326e+01
900,c,3,2.043467e+00,7.134934e-01
900,python,4,4.842506e+01,3.010838e-02
900,numpy,4,9.362756e-03,1.557234e+02
900,scipy,4,5.171902e-02,2.819079e+01
900,cupy_fp32,4,5.557870e-04,2.623307e+03
900,cupy_fp64,4,2.207643e-02,6.604329e+01
900,c,4,2.148520e+00,6.786066e-01
900,python,5,4.873061e+01,2.991959e-02
900,numpy,5,1.010021e-02,1.443534e+02
900,scipy,5,5.816554e-02,2.506639e+01
900,cupy_fp32,5,5.481540e-04,2.659836e+03
900,cupy_fp64,5,1.646770e-02,8.853697e+01
900,c,5,2.138468e+00,6.817966e-01
900,python,6,4.867711e+01,2.995248e-02
900,numpy,6,1.708089e-02,8.535855e+01
900,scipy,6,7.366712e-02,1.979173e+01
900,cupy_fp32,6,5.485730e-04,2.657805e+03
900,cupy_fp64,6,1.650219e-02,8.835193e+01
900,c,6,2.075966e+00,7.023237e-01
900,python,7,4.777790e+01,3.051620e-02
900,numpy,7,8.804919e-03,1.655893e+02
900,scipy,7,3.779919e-02,3.857225e+01
900,cupy_fp32,7,5.562490e-04,2.621128e+03
900,cupy_fp64,7,1.648668e-02,8.843504e+01
900,c,7,2.026846e+00,7.193444e-01
900,python,8,4.845375e+01,3.009055e-02
900,numpy,8,8.004992e-03,1.821363e+02
900,scipy,8,5.143524e-02,2.834632e+01
900,cupy_fp32,8,5.527700e-04,2.637625e+03
900,cupy_fp64,8,1.646571e-02,8.854767e+01
900,c,8,2.002308e+00,7.281596e-01
900,python,9,4.783664e+01,3.047873e-02
900,numpy,9,8.515255e-03,1.712221e+02
900,scipy,9,4.485710e-02,3.250322e+01
900,cupy_fp32,9,5.549560e-04,2.627235e+03
900,cupy_fp64,9,1.646622e-02,8.854490e+01
900,c,9,2.189474e+00,6.659134e-01
900,python,10,4.919147e+01,2.963929e-02
900,numpy,10,1.742397e-02,8.367781e+01
900,scipy,10,4.737632e-02,3.077487e+01
900,cupy_fp32,10,5.567110e-04,2.618953e+03
900,cupy_fp64,10,2.007315e-02,7.263435e+01
900,c,10,2.126389e+00,6.856693e-01
900,python,11,4.809562e+01,3.031461e-02
900,numpy,11,7.806057e-03,1.867780e+02
900,scipy,11,4.841713e-02,3.011331e+01
900,cupy_fp32,11,5.827110e-04,2.502098e+03
900,cupy_fp64,11,1.646587e-02,8.854677e+01
900,c,11,2.099044e+00,6.946019e-01
900,python,12,4.927250e+01,2.959054e-02
900,numpy,12,8.512520e-03,1.712771e+02
900,scipy,12,5.188568e-02,2.810024e+01
900,cupy_fp32,12,5.552640e-04,2.625778e+03
900,cupy_fp64,12,1.788982e-02,8.149888e+01
900,c,12,1.974124e+00,7.385554e-01
900,python,13,4.831228e+01,3.017866e-02
900,numpy,13,8.389920e-03,1.737800e+02
900,scipy,13,5.002863e-02,2.914331e+01
900,cupy_fp32,13,5.527450e-04,2.637744e+03
900,cupy_fp64,13,1.647285e-02,8.850927e+01
900,c,13,1.989697e+00,7.327748e-01
900,python,14,4.785994e+01,3.046389e-02
900,numpy,14,7.807988e-03,1.867318e+02
900,scipy,14,3.429596e-02,4.251229e+01
900,cupy_fp32,14,5.543930e-04,2.629903e+03
900,cupy_fp64,14,1.645992e-02,8.857879e+01
900,c,14,2.112034e+00,6.903299e-01
900,python,15,4.766262e+01,3.059001e-02
900,numpy,15,8.393918e-03,1.736972e+02
900,scipy,15,7.990960e-02,1.824562e+01
900,cupy_fp32,15,5.675150e-04,2.569095e+03
900,cupy_fp64,15,1.645676e-02,8.859579e+01
900,c,15,2.007771e+00,7.261785e-01
900,python,16,4.828692e+01,3.019451e-02
900,numpy,16,8.473414e-03,1.720676e+02
900,scipy,16,3.875011e-02,3.762570e+01
900,cupy_fp32,16,5.565730e-04,2.619602e+03
900,cupy_fp64,16,1.645849e-02,8.858648e+01
900,c,16,2.061033e+00,7.074123e-01
900,python,17,4.790165e+01,3.043737e-02
900,numpy,17,7.830166e-03,1.862029e+02
900,scipy,17,3.001037e-02,4.858320e+01
900,cupy_fp32,17,5.497700e-04,2.652018e+03
900,cupy_fp64,17,1.909607e-02,7.635080e+01
900,c,17,2.011080e+00,7.249837e-01
900,python,18,4.710886e+01,3.094959e-02
900,numpy,18,8.130327e-03,1.793286e+02
900,scipy,18,4.517497e-02,3.227451e+01
900,cupy_fp32,18,5.554800e-04,2.624757e+03
900,cupy_fp64,18,1.651160e-02,8.830157e+01
900,c,18,2.153249e+00,6.771163e-01
900,python,19,4.795129e+01,3.040586e-02
900,numpy,19,7.907237e-03,1.843880e+02
900,scipy,19,1.012180e-01,1.440455e+01
900,cupy_fp32,19,5.628290e-04,2.590485e+03
900,cupy_fp64,19,1.651903e-02,8.826186e+01
900,c,19,2.227404e+00,6.545738e-01
900,python,20,4.801126e+01,3.036788e-02
900,numpy,20,8.235209e-03,1.770447e+02
900,scipy,20,5.873440e-02,2.482361e+01
900,cupy_fp32,20,5.583710e-04,2.611167e+03
900,cupy_fp64,20,1.647423e-02,8.850187e+01
900,c,20,2.034497e+00,7.166391e-01
900,python,21,4.692175e+01,3.107301e-02
900,numpy,21,1.723460e-02,8.459725e+01
900,scipy,21,3.871169e-02,3.766305e+01
900,cupy_fp32,21,5.534470e-04,2.634399e+03
900,cupy_fp64,21,1.645795e-02,8.858943e+01
900,c,21,2.230738e+00,6.535954e-01
900,python,22,4.694400e+01,3.105828e-02
900,numpy,22,7.723834e-03,1.887664e+02
900,scipy,22,6.074621e-02,2.400150e+01
900,cupy_fp32,22,5.525450e-04,2.638699e+03
900,cupy_fp64,22,1.646872e-02,8.853145e+01
900,c,22,2.135408e+00,6.827735e-01
900,python,23,4.825192e+01,3.021641e-02
900,numpy,23,8.020132e-03,1.817925e+02
900,scipy,23,6.200070e-02,2.351586e+01
900,cupy_fp32,23,5.631910e-04,2.588820e+03
900,cupy_fp64,23,1.645861e-02,8.858587e+01
900,c,23,1.993332e+00,7.314385e-01
900,python,24,4.726890e+01,3.084480e-02
900,numpy,24,9.018255e-03,1.616721e+02
900,scipy,24,3.843482e-02,3.793436e+01
900,cupy_fp32,24,5.567750e-04,2.618652e+03
900,cupy_fp64,24,1.647310e-02,8.850796e+01
900,c,24,2.126875e+00,6.855129e-01
900,python,25,4.710016e+01,3.095531e-02
900,numpy,25,7.771321e-03,1.876129e+02
900,scipy,25,6.858470e-02,2.125838e+01
900,cupy_fp32,25,5.577120e-04,2.614253e+03
900,cupy_fp64,25,1.646334e-02,8.856043e+01
900,c,25,2.033992e+00,7.168169e-01
900,python,26,4.815645e+01,3.027632e-02
900,numpy,26,7.812447e-03,1.866253e+02
900,scipy,26,4.090612e-02,3.564259e+01
900,cupy_fp32,26,5.603060e-04,2.602150e+03
900,cupy_fp64,26,1.646991e-02,8.852506e+01
900,c,26,1.983546e+00,7.350473e-01
900,python,27,4.775859e+01,3.052854e-02
900,numpy,27,1.437537e-02,1.014234e+02
900,scipy,27,5.464542e-02,2.668110e+01
900,cupy_fp32,27,5.558410e-04,2.623052e+03
900,cupy_fp64,27,1.648012e-02,8.847022e+01
900,c,27,1.965765e+00,7.416960e-01
900,python,28,4.720486e+01,3.088665e-02
900,numpy,28,8.143186e-03,1.790454e+02
900,scipy,28,7.837608e-02,1.860261e+01
900,cupy_fp32,28,5.660700e-04,2.575653e+03
900,cupy_fp64,28,1.652317e-02,8.823974e+01
900,c,28,1.995042e+00,7.308116e-01
900,python,29,4.798767e+01,3.038280e-02
900,numpy,29,7.760997e-03,1.878625e+02
900,scipy,29,3.208771e-02,4.543795e+01
900,cupy_fp32,29,5.597150e-04,2.604897e+03
900,cupy_fp64,29,1.648018e-02,8.846989e+01
900,c,29,2.026263e+00,7.195514e-01
1000,python,0,6.804993e+01,2.939018e-02
1000,numpy,0,1.047874e-02,1.908627e+02
1000,scipy,0,6.007722e-02,3.329049e+01
1000,cupy_fp32,0,6.281030e-04,3.184191e+03
1000,cupy_fp64,0,2.155123e-02,9.280211e+01
1000,c,0,2.694374e+00,7.422876e-01
1000,python,1,6.871326e+01,2.910646e-02
1000,numpy,1,1.047281e-02,1.909708e+02
1000,scipy,1,3.860311e-02,5.180930e+01
1000,cupy_fp32,1,6.270240e-04,3.189671e+03
1000,cupy_fp64,1,2.144477e-02,9.326284e+01
1000,c,1,2.719034e+00,7.355553e-01
1000,python,2,6.681325e+01,2.993418e-02
1000,numpy,2,9.960198e-03,2.007992e+02
1000,scipy,2,4.140565e-02,4.830259e+01
1000,cupy_fp32,2,6.353640e-04,3.147802e+03
1000,cupy_fp64,2,2.499970e-02,8.000097e+01
1000,c,2,2.709573e+00,7.381236e-01
1000,python,3,6.770094e+01,2.954169e-02
1000,numpy,3,1.108630e-02,1.804028e+02
1000,scipy,3,5.515708e-02,3.626008e+01
1000,cupy_fp32,3,6.305610e-04,3.171779e+03
1000,cupy_fp64,3,2.143819e-02,9.329148e+01
1000,c,3,2.657417e+00,7.526106e-01
1000,python,4,6.844871e+01,2.921896e-02
1000,numpy,4,1.053194e-02,1.898986e+02
1000,scipy,4,5.538766e-02,3.610912e+01
1000,cupy_fp32,4,6.432210e-04,3.109351e+03
1000,cupy_fp64,4,2.143857e-02,9.328981e+01
1000,c,4,2.681985e+00,7.457163e-01
1000,python,5,6.839755e+01,2.924081e-02
1000,numpy,5,1.144740e-02,1.747122e+02
1000,scipy,5,4.401280e-02,4.544133e+01
1000,cupy_fp32,5,6.311190e-04,3.168974e+03
1000,cupy_fp64,5,2.144672e-02,9.325436e+01
1000,c,5,2.687263e+00,7.442516e-01
1000,python,6,6.634543e+01,3.014525e-02
1000,numpy,6,1.129254e-02,1.771080e+02
1000,scipy,6,4.698766e-02,4.256437e+01
1000,cupy_fp32,6,6.289080e-04,3.180115e+03
1000,cupy_fp64,6,2.347704e-02,8.518962e+01
1000,c,6,2.692276e+00,7.428659e-01
1000,python,7,6.749039e+01,2.963385e-02
1000,numpy,7,1.129756e-02,1.770294e+02
1000,scipy,7,4.545827e-02,4.399639e+01
1000,cupy_fp32,7,6.309560e-04,3.169793e+03
1000,cupy_fp64,7,2.145266e-02,9.322855e+01
1000,c,7,2.695265e+00,7.420420e-01
1000,python,8,6.842710e+01,2.922818e-02
1000,numpy,8,1.112276e-02,1.798114e+02
1000,scipy,8,4.917288e-02,4.067282e+01
1000,cupy_fp32,8,6.407470e-04,3.121357e+03
1000,cupy_fp64,8,2.146120e-02,9.319143e+01
1000,c,8,2.690683e+00,7.433058e-01
1000,python,9,6.626304e+01,3.018274e-02
1000,numpy,9,1.011267e-02,1.977717e+02
1000,scipy,9,5.118393e-02,3.907476e+01
1000,cupy_fp32,9,6.305420e-04,3.171874e+03
1000,cupy_fp64,9,2.146832e-02,9.316051e+01
1000,c,9,2.734483e+00,7.313997e-01
1000,python,10,6.718834e+01,2.976707e-02
1000,numpy,10,1.015189e-02,1.970076e+02
1000,scipy,10,3.907419e-02,5.118468e+01
1000,cupy_fp32,10,6.305050e-04,3.172060e+03
1000,cupy_fp64,10,2.142810e-02,9.333537e+01
1000,c,10,2.708715e+00,7.383576e-01
1000,python,11,6.604041e+01,3.028449e-02
1000,numpy,11,1.131412e-02,1.767703e+02
1000,scipy,11,5.031691e-02,3.974807e+01
1000,cupy_fp32,11,6.263640e-04,3.193032e+03
1000,cupy_fp64,11,2.143433e-02,9.330828e+01
1000,c,11,2.726425e+00,7.335614e-01
1000,python,12,6.670254e+01,2.998387e-02
1000,numpy,12,1.140851e-02,1.753077e+02
1000,scipy,12,5.436621e-02,3.678755e+01
1000,cupy_fp32,12,6.276490e-04,3.186494e+03
1000,cupy_fp64,12,2.143510e-02,9.330490e+01
1000,c,12,2.695574e+00,7.419571e-01
1000,python,13,6.627060e+01,3.017930e-02
1000,numpy,13,9.900555e-03,2.020089e+02
1000,scipy,13,3.474455e-02,5.756299e+01
1000,cupy_fp32,13,6.284390e-04,3.182489e+03
1000,cupy_fp64,13,2.145886e-02,9.320159e+01
1000,c,13,2.699477e+00,7.408842e-01
1000,python,14,6.605617e+01,3.027726e-02
1000,numpy,14,1.117424e-02,1.789830e+02
1000,scipy,14,5.399473e-02,3.704065e+01
1000,cupy_fp32,14,6.353830e-04,3.147708e+03
1000,cupy_fp64,14,2.143335e-02,9.331251e+01
1000,c,14,2.912411e+00,6.867162e-01
1000,python,15,6.698968e+01,2.985535e-02
1000,numpy,15,1.071791e-02,1.866035e+02
1000,scipy,15,4.474129e-02,4.470143e+01
1000,cupy_fp32,15,6.345370e-04,3.151904e+03
1000,cupy_fp64,15,2.145345e-02,9.322511e+01
1000,c,15,2.705804e+00,7.391519e-01
1000,python,16,6.501508e+01,3.076210e-02
1000,numpy,16,1.112048e-02,1.798484e+02
1000,scipy,16,4.478851e-02,4.465431e+01
1000,cupy_fp32,16,6.362980e-04,3.143181e+03
1000,cupy_fp64,16,2.143944e-02,9.328601e+01
1000,c,16,2.699747e+00,7.408102e-01
1000,python,17,6.595520e+01,3.032361e-02
1000,numpy,17,1.078503e-02,1.854422e+02
1000,scipy,17,6.423587e-02,3.113525e+01
1000,cupy_fp32,17,6.358170e-04,3.145559e+03
1000,cupy_fp64,17,2.142909e-02,9.333106e+01
1000,c,17,2.694883e+00,7.421471e-01
1000,python,18,6.558146e+01,3.049642e-02
1000,numpy,18,9.962150e-03,2.007599e+02
1000,scipy,18,6.183650e-02,3.234336e+01
1000,cupy_fp32,18,6.264250e-04,3.192721e+03
1000,cupy_fp64,18,2.145413e-02,9.322213e+01
1000,c,18,2.710347e+00,7.379130e-01
1000,python,19,6.578666e+01,3.040130e-02
1000,numpy,19,1.874151e-02,1.067150e+02
1000,scipy,19,5.335601e-02,3.748406e+01
1000,cupy_fp32,19,6.295450e-04,3.176898e+03
1000,cupy_fp64,19,2.145446e-02,9.322070e+01
1000,c,19,2.694568e+00,7.422339e-01
1000,python,20,6.571722e+01,3.043342e-02
1000,numpy,20,1.972457e-02,1.013964e+02
1000,scipy,20,3.478049e-02,5.750350e+01
1000,cupy_fp32,20,6.269170e-04,3.190215e+03
1000,cupy_fp64,20,2.271932e-02,8.803080e+01
1000,c,20,2.724119e+00,7.341822e-01
1000,python,21,6.614989e+01,3.023437e-02
1000,numpy,21,1.050287e-02,1.904241e+02
1000,scipy,21,3.861491e-02,5.179347e+01
1000,cupy_fp32,21,6.291410e-04,3.178938e+03
1000,cupy_fp64,21,2.421654e-02,8.258819e+01
1000,c,21,2.695284e+00,7.420369e-01
1000,python,22,6.548900e+01,3.053948e-02
1000,numpy,22,9.867999e-03,2.026753e+02
1000,scipy,22,3.915865e-02,5.107429e+01
1000,cupy_fp32,22,6.286470e-04,3.181436e+03
1000,cupy_fp64,22,2.143190e-02,9.331884e+01
1000,c,22,2.675778e+00,7.474463e-01
1000,python,23,6.659569e+01,3.003197e-02
1000,numpy,23,1.074422e-02,1.861467e+02
1000,scipy,23,4.921475e-02,4.063823e+01
1000,cupy_fp32,23,6.264570e-04,3.192558e+03
1000,cupy_fp64,23,2.146034e-02,9.319515e+01
1000,c,23,2.693185e+00,7.426151e-01
1000,python,24,6.647501e+01,3.008650e-02
1000,numpy,24,1.064990e-02,1.877953e+02
1000,scipy,24,5.138468e-02,3.892211e+01
1000,cupy_fp32,24,6.331670e-04,3.158724e+03
1000,cupy_fp64,24,2.156581e-02,9.273938e+01
1000,c,24,2.711382e+00,7.376311e-01
1000,python,25,6.707569e+01,2.981706e-02
1000,numpy,25,1.025363e-02,1.950528e+02
1000,scipy,25,3.948321e-02,5.065444e+01
1000,cupy_fp32,25,6.753940e-04,2.961234e+03
1000,cupy_fp64,25,2.144745e-02,9.325119e+01
1000,c,25,2.692672e+00,7.427567e-01
1000,python,26,6.701933e+01,2.984214e-02
1000,numpy,26,1.033867e-02,1.934485e+02
1000,scipy,26,3.987105e-02,5.016171e+01
1000,cupy_fp32,26,6.261240e-04,3.194255e+03
1000,cupy_fp64,26,2.143500e-02,9.330536e+01
1000,c,26,2.695699e+00,7.419225e-01
1000,python,27,6.725170e+01,2.973903e-02
1000,numpy,27,1.101217e-02,1.816172e+02
1000,scipy,27,3.917234e-02,5.105644e+01
1000,cupy_fp32,27,6.302120e-04,3.173535e+03
1000,cupy_fp64,27,2.143208e-02,9.331806e+01
1000,c,27,2.704069e+00,7.396260e-01
1000,python,28,6.727499e+01,2.972873e-02
1000,numpy,28,1.049517e-02,1.905638e+02
1000,scipy,28,5.346618e-02,3.740682e+01
1000,cupy_fp32,28,6.284110e-04,3.182630e+03
1000,cupy_fp64,28,2.143688e-02,9.329716e+01
1000,c,28,2.703226e+00,7.398568e-01
1000,python,29,6.778057e+01,2.950698e-02
1000,numpy,29,1.068231e-02,1.872255e+02
1000,scipy,29,6.001981e-02,3.332233e+01
1000,cupy_fp32,29,6.325830e-04,3.161640e+03
1000,cupy_fp64,29,2.144483e-02,9.326258e+01
1000,c,29,2.704558e+00,7.394925e-01
1100,python,0,8.548013e+01,3.114174e-02
1100,numpy,0,1.626605e-02,1.636537e+02
1100,scipy,0,5.386283e-02,4.942184e+01
1100,cupy_fp32,0,8.121580e-04,3.277687e+03
1100,cupy_fp64,0,2.851320e-02,9.336027e+01
1100,c,0,4.456605e+00,5.973156e-01
1100,python,1,8.628402e+01,3.085160e-02
1100,numpy,1,1.434281e-02,1.855982e+02
1100,scipy,1,7.317662e-02,3.637774e+01
1100,cupy_fp32,1,8.149680e-04,3.266386e+03
1100,cupy_fp64,1,2.841067e-02,9.369720e+01
1100,c,1,4.432985e+00,6.004983e-01
1100,python,2,8.522843e+01,3.123371e-02
1100,numpy,2,1.573650e-02,1.691609e+02
1100,scipy,2,5.379631e-02,4.948295e+01
1100,cupy_fp32,2,8.275250e-04,3.216821e+03
1100,cupy_fp64,2,2.839576e-02,9.374637e+01
1100,c,2,4.350513e+00,6.118819e-01
1100,python,3,8.366761e+01,3.181637e-02
1100,numpy,3,1.356359e-02,1.962607e+02
1100,scipy,3,8.137986e-02,3.271080e+01
1100,cupy_fp32,3,8.289300e-04,3.211369e+03
1100,cupy_fp64,3,2.838211e-02,9.379148e+01
1100,c,3,4.462986e+00,5.964617e-01
1100,python,4,8.353664e+01,3.186626e-02
1100,numpy,4,1.464638e-02,1.817514e+02
1100,scipy,4,4.447938e-02,5.984795e+01
1100,cupy_fp32,4,8.145800e-04,3.267942e+03
1100,cupy_fp64,4,2.834534e-02,9.391313e+01
1100,c,4,4.397206e+00,6.053844e-01
1100,python,5,8.372181e+01,3.179578e-02
1100,numpy,5,1.498645e-02,1.776271e+02
1100,scipy,5,5.927366e-02,4.491033e+01
1100,cupy_fp32,5,8.183970e-04,3.252700e+03
1100,cupy_fp64,5,2.838682e-02,9.377593e+01
1100,c,5,4.510818e+00,5.901369e-01
1100,python,6,8.382476e+01,3.175673e-02
1100,numpy,6,1.362397e-02,1.953909e+02
1100,scipy,6,5.197765e-02,5.121432e+01
1100,cupy_fp32,6,8.154820e-04,3.264327e+03
1100,cupy_fp64,6,2.834009e-02,9.393055e+01
1100,c,6,4.366915e+00,6.095837e-01
1100,python,7,8.424038e+01,3.160005e-02
1100,numpy,7,1.524351e-02,1.746316e+02
1100,scipy,7,5.392040e-02,4.936907e+01
1100,cupy_fp32,7,8.162050e-04,3.261436e+03
1100,cupy_fp64,7,2.833942e-02,9.393275e+01
1100,c,7,4.396904e+00,6.054260e-01
1100,python,8,8.294172e+01,3.209482e-02
1100,numpy,8,1.516679e-02,1.755150e+02
1100,scipy,8,7.170490e-02,3.712438e+01
1100,cupy_fp32,8,8.250290e-04,3.226553e+03
1100,cupy_fp64,8,2.839160e-02,9.376012e+01
1100,c,8,4.475382e+00,5.948096e-01
1100,python,9,8.310488e+01,3.203181e-02
1100,numpy,9,1.444381e-02,1.843004e+02
1100,scipy,9,5.733681e-02,4.642742e+01
1100,cupy_fp32,9,4.820488e-03,5.522262e+02
1100,cupy_fp64,9,2.834064e-02,9.392871e+01
1100,c,9,4.380706e+00,6.076646e-01
1100,python,10,8.316645e+01,3.200810e-02
1100,numpy,10,1.514394e-02,1.757799e+02
1100,scipy,10,5.150825e-02,5.168104e+01
1100,cupy_fp32,10,8.140190e-04,3.270194e+03
1100,cupy_fp64,10,2.835631e-02,9.387681e+01
1100,c,10,4.479910e+00,5.942084e-01
1100,python,11,8.350029e+01,3.188013e-02
1100,numpy,11,1.485357e-02,1.792162e+02
1100,scipy,11,6.183619e-02,4.304922e+01
1100,cupy_fp32,11,8.195480e-04,3.248132e+03
1100,cupy_fp64,11,2.835444e-02,9.388299e+01
1100,c,11,4.507367e+00,5.905887e-01
1100,python,12,8.280564e+01,3.214757e-02
1100,numpy,12,1.666076e-02,1.597766e+02
1100,scipy,12,7.516438e-02,3.541571e+01
1100,cupy_fp32,12,8.128940e-04,3.274720e+03
1100,cupy_fp64,12,2.834727e-02,9.390674e+01
1100,c,12,4.437242e+00,5.999222e-01
1100,python,13,8.380307e+01,3.176495e-02
1100,numpy,13,1.321563e-02,2.014282e+02
1100,scipy,13,6.419711e-02,4.146604e+01
1100,cupy_fp32,13,8.182440e-04,3.253308e+03
1100,cupy_fp64,13,2.834473e-02,9.391517e+01
1100,c,13,4.454168e+00,5.976425e-01
1100,python,14,8.334782e+01,3.193845e-02
1100,numpy,14,1.348336e-02,1.974285e+02
1100,scipy,14,5.243494e-02,5.076767e+01
1100,cupy_fp32,14,8.141760e-04,3.269563e+03
1100,cupy_fp64,14,2.834004e-02,9.393070e+01
1100,c,14,4.483271e+00,5.937629e-01
1100,python,15,8.282480e+01,3.214013e-02
1100,numpy,15,1.376108e-02,1.934441e+02
1100,scipy,15,7.095330e-02,3.751763e+01
1100,cupy_fp32,15,8.239360e-04,3.230833e+03
1100,cupy_fp64,15,2.835880e-02,9.386858e+01
1100,c,15,4.438035e+00,5.998150e-01
1100,python,16,8.358492e+01,3.184785e-02
1100,numpy,16,1.385576e-02,1.921223e+02
1100,scipy,16,5.391324e-02,4.937563e+01
1100,cupy_fp32,16,8.154210e-04,3.264571e+03
1100,cupy_fp64,16,2.835749e-02,9.387292e+01
1100,c,16,4.470826e+00,5.954157e-01
1100,python,17,8.340218e+01,3.191763e-02
1100,numpy,17,1.387402e-02,1.918694e+02
1100,scipy,17,5.605730e-02,4.748712e+01
1100,cupy_fp32,17,8.143750e-04,3.268764e+03
1100,cupy_fp64,17,2.834249e-02,9.392258e+01
1100,c,17,4.456572e+00,5.973201e-01
1100,python,18,8.341075e+01,3.191435e-02
1100,numpy,18,1.340398e-02,1.985977e+02
1100,scipy,18,7.069630e-02,3.765402e+01
1100,cupy_fp32,18,8.154420e-04,3.264487e+03
1100,cupy_fp64,18,2.836584e-02,9.384529e+01
1100,c,18,4.383591e+00,6.072646e-01
1100,python,19,8.334236e+01,3.194054e-02
1100,numpy,19,1.379005e-02,1.930378e+02
1100,scipy,19,4.862021e-02,5.475090e+01
1100,cupy_fp32,19,8.189930e-04,3.250333e+03
1100,cupy_fp64,19,2.837392e-02,9.381856e+01
1100,c,19,4.458915e+00,5.970063e-01
1100,python,20,8.437999e+01,3.154776e-02
1100,numpy,20,1.496334e-02,1.779014e+02
1100,scipy,20,5.899173e-02,4.512497e+01
1100,cupy_fp32,20,8.144360e-04,3.268520e+03
1100,cupy_fp64,20,2.835723e-02,9.387375e+01
1100,c,20,4.475680e+00,5.947700e-01
1100,python,21,8.450075e+01,3.150268e-02
1100,numpy,21,1.491591e-02,1.784672e+02
1100,scipy,21,9.682179e-02,2.749381e+01
1100,cupy_fp32,21,8.138960e-04,3.270688e+03
1100,cupy_fp64,21,2.834828e-02,9.390340e+01
1100,c,21,4.367313e+00,6.095281e-01
1100,python,22,8.468660e+01,3.143354e-02
1100,numpy,22,1.778495e-02,1.496771e+02
1100,scipy,22,6.963814e-02,3.822618e+01
1100,cupy_fp32,22,8.211560e-04,3.241771e+03
1100,cupy_fp64,22,2.834454e-02,9.391579e+01
1100,c,22,4.377778e+00,6.080711e-01
1100,python,23,8.458814e+01,3.147013e-02
1100,numpy,23,1.361763e-02,1.954819e+02
1100,scipy,23,1.006629e-01,2.644471e+01
1100,cupy_fp32,23,8.491750e-04,3.134807e+03
1100,cupy_fp64,23,2.838655e-02,9.377680e+01
1100,c,23,4.453518e+00,5.977297e-01
1100,python,24,8.210701e+01,3.242110e-02
1100,numpy,24,1.407601e-02,1.891161e+02
1100,scipy,24,7.625671e-02,3.490840e+01
1100,cupy_fp32,24,8.179220e-04,3.254589e+03
1100,cupy_fp64,24,2.834157e-02,9.392563e+01
1100,c,24,4.427255e+00,6.012756e-01
1100,python,25,8.445989e+01,3.151792e-02
1100,numpy,25,1.418922e-02,1.876073e+02
1100,scipy,25,9.154557e-02,2.907841e+01
1100,cupy_fp32,25,8.139880e-04,3.270318e+03
1100,cupy_fp64,25,2.834494e-02,9.391448e+01
1100,c,25,4.471886e+00,5.952746e-01
1100,python,26,8.314667e+01,3.201572e-02
1100,numpy,26,1.363722e-02,1.952011e+02
1100,scipy,26,5.275942e-02,5.045545e+01
1100,cupy_fp32,26,8.151950e-04,3.265476e+03
1100,cupy_fp64,26,2.835885e-02,9.386841e+01
1100,c,26,4.452286e+00,5.978952e-01
1100,python,27,8.416667e+01,3.162772e-02
1100,numpy,27,1.345239e-02,1.978831e+02
1100,scipy,27,6.955389e-02,3.827248e+01
1100,cupy_fp32,27,8.210410e-04,3.242225e+03
1100,cupy_fp64,27,2.834036e-02,9.392964e+01
1100,c,27,4.447654e+00,5.985178e-01
1100,python,28,8.376710e+01,3.177859e-02
1100,numpy,28,1.401240e-02,1.899746e+02
1100,scipy,28,5.815327e-02,4.577559e+01
1100,cupy_fp32,28,8.194960e-04,3.248338e+03
1100,cupy_fp64,28,2.834385e-02,9.391807e+01
1100,c,28,4.448690e+00,5.983785e-01
1100,python,29,8.204887e+01,3.244408e-02
1100,numpy,29,1.434421e-02,1.855801e+02
1100,scipy,29,6.843219e-02,3.889982e+01
1100,cupy_fp32,29,8.132330e-04,3.273355e+03
1100,cupy_fp64,29,2.841026e-02,9.369855e+01
1100,c,29,4.449403e+00,5.982825e-01
1200,python,0,1.135944e+02,3.042405e-02
1200,numpy,0,1.920099e-02,1.799907e+02
1200,scipy,0,7.253208e-02,4.764788e+01
1200,cupy_fp32,0,9.542030e-04,3.621871e+03
1200,cupy_fp64,0,3.593929e-02,9.616217e+01
1200,c,0,5.411167e+00,6.386792e-01
1200,python,1,1.098968e+02,3.144767e-02
1200,numpy,1,1.930636e-02,1.790084e+02
1200,scipy,1,8.717900e-02,3.964257e+01
1200,cupy_fp32,1,9.542650e-04,3.621635e+03
1200,cupy_fp64,1,3.576907e-02,9.661979e+01
1200,c,1,5.412815e+00,6.384848e-01
1200,python,2,1.130876e+02,3.056038e-02
1200,numpy,2,1.878714e-02,1.839556e+02
1200,scipy,2,8.006383e-02,4.316556e+01
1200,cupy_fp32,2,9.582660e-04,3.606514e+03
1200,cupy_fp64,2,3.577509e-02,9.660353e+01
1200,c,2,5.442463e+00,6.350067e-01
1200,python,3,1.113716e+02,3.103124e-02
1200,numpy,3,1.950332e-02,1.772006e+02
1200,scipy,3,6.366614e-02,5.428317e+01
1200,cupy_fp32,3,9.568300e-04,3.611927e+03
1200,cupy_fp64,3,3.577842e-02,9.659454e+01
1200,c,3,5.304936e+00,6.514687e-01
1200,python,4,1.155733e+02,2.990310e-02
1200,numpy,4,1.803696e-02,1.916066e+02
1200,scipy,4,6.252066e-02,5.527773e+01
1200,cupy_fp32,4,4.962036e-03,6.964883e+02
1200,cupy_fp64,4,3.577399e-02,9.660650e+01
1200,c,4,5.492040e+00,6.292744e-01
1200,python,5,1.084472e+02,3.186804e-02
1200,numpy,5,1.895891e-02,1.822890e+02
1200,scipy,5,7.644043e-02,4.521168e+01
1200,cupy_fp32,5,9.577830e-04,3.608333e+03
1200,cupy_fp64,5,3.577961e-02,9.659134e+01
1200,c,5,5.671732e+00,6.093377e-01
1200,python,6,1.124123e+02,3.074396e-02
1200,numpy,6,1.775277e-02,1.946739e+02
1200,scipy,6,1.032723e-01,3.346494e+01
1200,cupy_fp32,6,9.579630e-04,3.607655e+03
1200,cupy_fp64,6,3.577100e-02,9.661457e+01
1200,c,6,5.372535e+00,6.432718e-01
1200,python,7,1.090784e+02,3.168364e-02
1200,numpy,7,1.697772e-02,2.035610e+02
1200,scipy,7,8.256502e-02,4.185792e+01
1200,cupy_fp32,7,9.640050e-04,3.585044e+03
1200,cupy_fp64,7,3.577193e-02,9.661208e+01
1200,c,7,5.359589e+00,6.448255e-01
1200,python,8,1.107564e+02,3.120362e-02
1200,numpy,8,1.892429e-02,1.826224e+02
1200,scipy,8,8.058501e-02,4.288639e+01
1200,cupy_fp32,8,9.583390e-04,3.606240e+03
1200,cupy_fp64,8,3.577760e-02,9.659675e+01
1200,c,8,5.323370e+00,6.492128e-01
1200,python,9,1.094866e+02,3.156551e-02
1200,numpy,9,1.778505e-02,1.943205e+02
1200,scipy,9,7.552929e-02,4.575708e+01
1200,cupy_fp32,9,9.800300e-04,3.526423e+03
1200,cupy_fp64,9,3.585505e-02,9.638809e+01
1200,c,9,5.394541e+00,6.406477e-01
1200,python,10,1.074776e+02,3.215553e-02
1200,numpy,10,1.881598e-02,1.836737e+02
1200,scipy,10,6.449651e-02,5.358429e+01
1200,cupy_fp32,10,9.587110e-04,3.604840e+03
1200,cupy_fp64,10,3.583332e-02,9.644654e+01
1200,c,10,5.412488e+00,6.385234e-01
1200,python,11,1.089482e+02,3.172151e-02
1200,numpy,11,2.628933e-02,1.314602e+02
1200,scipy,11,7.643903e-02,4.521251e+01
1200,cupy_fp32,11,9.668740e-04,3.574406e+03
1200,cupy_fp64,11,3.584746e-02,9.640849e+01
1200,c,11,5.855427e+00,5.902217e-01
1200,python,12,1.093468e+02,3.160586e-02
1200,numpy,12,1.878044e-02,1.840212e+02
1200,scipy,12,7.541089e-02,4.582892e+01
1200,cupy_fp32,12,9.604380e-04,3.598358e+03
1200,cupy_fp64,12,3.577769e-02,9.659650e+01
1200,c,12,5.536940e+00,6.241715e-01
1200,python,13,1.085112e+02,3.184925e-02
1200,numpy,13,1.869565e-02,1.848558e+02
1200,scipy,13,7.064842e-02,4.891829e+01
1200,cupy_fp32,13,9.579750e-04,3.607610e+03
1200,cupy_fp64,13,3.577963e-02,9.659128e+01
1200,c,13,5.296775e+00,6.524724e-01
1200,python,14,1.091447e+02,3.166438e-02
1200,numpy,14,1.861834e-02,1.856234e+02
1200,scipy,14,9.730994e-02,3.551539e+01
1200,cupy_fp32,14,9.765550e-04,3.538971e+03
1200,cupy_fp64,14,3.581406e-02,9.649843e+01
1200,c,14,6.004773e+00,5.755422e-01
1200,python,15,1.081885e+02,3.194424e-02
1200,numpy,15,1.890099e-02,1.828476e+02
1200,scipy,15,8.528199e-02,4.052438e+01
1200,cupy_fp32,15,9.550080e-04,3.618818e+03
1200,cupy_fp64,15,3.580061e-02,9.653467e+01
1200,c,15,5.393637e+00,6.407550e-01
1200,python,16,1.086929e+02,3.179602e-02
1200,numpy,16,1.709900e-02,2.021171e+02
1200,scipy,16,1.001839e-01,3.449657e+01
1200,cupy_fp32,16,9.532380e-04,3.625537e+03
1200,cupy_fp64,16,3.580056e-02,9.653480e+01
1200,c,16,5.748509e+00,6.011994e-01
1200,python,17,1.087009e+02,3.179366e-02
1200,numpy,17,1.818884e-02,1.900066e+02
1200,scipy,17,9.808161e-02,3.523596e+01
1200,cupy_fp32,17,9.560280e-04,3.614957e+03
1200,cupy_fp64,17,3.578063e-02,9.658858e+01
1200,c,17,5.413849e+00,6.383628e-01
1200,python,18,1.096882e+02,3.150749e-02
1200,numpy,18,1.767995e-02,1.954756e+02
1200,scipy,18,5.300842e-02,6.519718e+01
1200,cupy_fp32,18,9.555750e-04,3.616671e+03
1200,cupy_fp64,18,3.577908e-02,9.659275e+01
1200,c,18,5.528940e+00,6.250746e-01
1200,python,19,1.096222e+02,3.152646e-02
1200,numpy,19,3.235312e-02,1.068212e+02
1200,scipy,19,6.516770e-02,5.303240e+01
1200,cupy_fp32,19,4.852832e-03,7.121615e+02
1200,cupy_fp64,19,3.580082e-02,9.653411e+01
1200,c,19,5.426557e+00,6.368679e-01
1200,python,20,1.102103e+02,3.135824e-02
1200,numpy,20,3.195992e-02,1.081355e+02
1200,scipy,20,8.664988e-02,3.988465e+01
1200,cupy_fp32,20,9.597330e-04,3.601002e+03
1200,cupy_fp64,20,3.577229e-02,9.661110e+01
1200,c,20,5.335736e+00,6.477082e-01
1200,python,21,1.080345e+02,3.198978e-02
1200,numpy,21,2.657404e-02,1.300518e+02
1200,scipy,21,6.711197e-02,5.149603e+01
1200,cupy_fp32,21,9.712630e-04,3.558254e+03
1200,cupy_fp64,21,3.586847e-02,9.635203e+01
1200,c,21,5.534762e+00,6.244171e-01
1200,python,22,1.110478e+02,3.112172e-02
1200,numpy,22,2.280850e-02,1.515224e+02
1200,scipy,22,7.875543e-02,4.388269e+01
1200,cupy_fp32,22,9.644480e-04,3.583397e+03
1200,cupy_fp64,22,3.581403e-02,9.649850e+01
1200,c,22,4.905792e+00,7.044733e-01
1200,python,23,1.073829e+02,3.218390e-02
1200,numpy,23,2.956190e-02,1.169072e+02
1200,scipy,23,7.334411e-02,4.712035e+01
1200,cupy_fp32,23,9.577540e-04,3.608442e+03
1200,cupy_fp64,23,3.581751e-02,9.648913e+01
1200,c,23,4.732063e+00,7.303368e-01
1200,python,24,1.079723e+02,3.200820e-02
1200,numpy,24,1.809616e-02,1.909798e+02
1200,scipy,24,6.847232e-02,5.047295e+01
1200,cupy_fp32,24,2.181581e-03,1.584172e+03
1200,cupy_fp64,24,3.582638e-02,9.646523e+01
1200,c,24,4.764838e+00,7.253132e-01
1200,python,25,1.063616e+02,3.249294e-02
1200,numpy,25,2.302886e-02,1.500725e+02
1200,scipy,25,9.035855e-02,3.824763e+01
1200,cupy_fp32,25,9.582020e-04,3.606755e+03
1200,cupy_fp64,25,3.577800e-02,9.659568e+01
1200,c,25,5.462124e+00,6.327210e-01
1200,python,26,1.087615e+02,3.177595e-02
1200,numpy,26,2.202612e-02,1.569046e+02
1200,scipy,26,9.149820e-02,3.777123e+01
1200,cupy_fp32,26,9.587090e-04,3.604848e+03
1200,cupy_fp64,26,3.578530e-02,9.657596e+01
1200,c,26,5.689298e+00,6.074563e-01
1200,python,27,1.077301e+02,3.208018e-02
1200,numpy,27,2.510504e-02,1.376616e+02
1200,scipy,27,1.060647e-01,3.258387e+01
1200,cupy_fp32,27,9.942580e-04,3.475959e+03
1200,cupy_fp64,27,3.580304e-02,9.652812e+01
1200,c,27,5.227518e+00,6.611168e-01
1200,python,28,1.085190e+02,3.184694e-02
1200,numpy,28,3.247285e-02,1.064274e+02
1200,scipy,28,6.733644e-02,5.132436e+01
1200,cupy_fp32,28,9.527580e-04,3.627364e+03
1200,cupy_fp64,28,3.580638e-02,9.651911e+01
1200,c,28,5.269781e+00,6.558147e-01
1200,python,29,1.066596e+02,3.240214e-02
1200,numpy,29,1.700071e-02,2.032856e+02
1200,scipy,29,8.281233e-02,4.173292e+01
1200,cupy_fp32,29,1.694398e-03,2.039662e+03
1200,cupy_fp64,29,3.579219e-02,9.655739e+01
1200,c,29,5.924393e+00,5.833509e-01
1300,python,0,1.456969e+02,3.015850e-02
1300,numpy,0,2.269120e-02,1.936434e+02
1300,scipy,0,8.216189e-02,5.347978e+01
1300,cupy_fp32,0,1.246780e-03,3.524279e+03
1300,cupy_fp64,0,4.766224e-02,9.219039e+01
1300,c,0,7.693514e+00,5.711304e-01
1300,python,1,1.580519e+02,2.780100e-02
1300,numpy,1,2.362673e-02,1.859758e+02
1300,scipy,1,8.864282e-02,4.956972e+01
1300,cupy_fp32,1,1.248519e-03,3.519370e+03
1300,cupy_fp64,1,4.754106e-02,9.242537e+01
1300,c,1,8.290241e+00,5.300208e-01
1300,python,2,1.662051e+02,2.643721e-02
1300,numpy,2,2.287318e-02,1.921027e+02
1300,scipy,2,9.011744e-02,4.875860e+01
1300,cupy_fp32,2,1.247465e-03,3.522343e+03
1300,cupy_fp64,2,4.753506e-02,9.243703e+01
1300,c,2,7.455338e+00,5.893763e-01
1300,python,3,1.572941e+02,2.793494e-02
1300,numpy,3,6.187333e-02,7.101605e+01
1300,scipy,3,9.122470e-02,4.816678e+01
1300,cupy_fp32,3,1.277521e-03,3.439474e+03
1300,cupy_fp64,3,4.757540e-02,9.235865e+01
1300,c,3,7.856560e+00,5.592779e-01
1300,python,4,1.658218e+02,2.649833e-02
1300,numpy,4,4.762887e-02,9.225497e+01
1300,scipy,4,1.062790e-01,4.134399e+01
1300,cupy_fp32,4,1.248396e-03,3.519716e+03
1300,cupy_fp64,4,4.753506e-02,9.243703e+01
1300,c,4,7.386617e+00,5.948596e-01
1300,python,5,1.566142e+02,2.805620e-02
1300,numpy,5,2.591053e-02,1.695836e+02
1300,scipy,5,8.155030e-02,5.388086e+01
1300,cupy_fp32,5,1.247478e-03,3.522307e+03
1300,cupy_fp64,5,4.754123e-02,9.242504e+01
1300,c,5,6.799225e+00,6.462501e-01
1300,python,6,1.599531e+02,2.747055e-02
1300,numpy,6,2.200348e-02,1.996957e+02
1300,scipy,6,8.328439e-02,5.275898e+01
1300,cupy_fp32,6,1.245126e-03,3.528960e+03
1300,cupy_fp64,6,4.753225e-02,9.244250e+01
1300,c,6,6.963303e+00,6.310224e-01
1300,python,7,1.557563e+02,2.821073e-02
1300,numpy,7,2.974040e-02,1.477452e+02
1300,scipy,7,1.011318e-01,4.344824e+01
1300,cupy_fp32,7,1.248942e-03,3.518178e+03
1300,cupy_fp64,7,4.753947e-02,9.242846e+01
1300,c,7,7.851357e+00,5.596485e-01
1300,python,8,1.607906e+02,2.732746e-02
1300,numpy,8,2.244091e-02,1.958031e+02
1300,scipy,8,1.015167e-01,4.328353e+01
1300,cupy_fp32,8,1.245329e-03,3.528385e+03
1300,cupy_fp64,8,4.752663e-02,9.245344e+01
1300,c,8,7.731899e+00,5.682951e-01
1300,python,9,1.594174e+02,2.756286e-02
1300,numpy,9,2.296609e-02,1.913255e+02
1300,scipy,9,1.079991e-01,4.068554e+01
1300,cupy_fp32,9,1.248163e-03,3.520374e+03
1300,cupy_fp64,9,4.758084e-02,9.234809e+01
1300,c,9,7.755648e+00,5.665549e-01
1300,python,10,1.571263e+02,2.796476e-02
1300,numpy,10,2.922227e-02,1.503648e+02
1300,scipy,10,9.772253e-02,4.496404e+01
1300,cupy_fp32,10,1.247552e-03,3.522098e+03
1300,cupy_fp64,10,4.754042e-02,9.242662e+01
1300,c,10,7.223963e+00,6.082534e-01
1300,python,11,1.609167e+02,2.730606e-02
1300,numpy,11,4.143422e-02,1.060476e+02
1300,scipy,11,7.638504e-02,5.752435e+01
1300,cupy_fp32,11,1.246598e-03,3.524793e+03
1300,cupy_fp64,11,4.754305e-02,9.242149e+01
1300,c,11,7.952826e+00,5.525080e-01
1300,python,12,1.578239e+02,2.784116e-02
1300,numpy,12,2.422934e-02,1.813504e+02
1300,scipy,12,5.464749e-02,8.040625e+01
1300,cupy_fp32,12,1.246498e-03,3.525076e+03
1300,cupy_fp64,12,4.754689e-02,9.241403e+01
1300,c,12,6.899333e+00,6.368732e-01
1300,python,13,1.612236e+02,2.725408e-02
1300,numpy,13,2.269363e-02,1.936226e+02
1300,scipy,13,6.222542e-02,7.061423e+01
1300,cupy_fp32,13,1.244909e-03,3.529575e+03
1300,cupy_fp64,13,4.753275e-02,9.244153e+01
1300,c,13,7.622370e+00,5.764612e-01
1300,python,14,1.593372e+02,2.757674e-02
1300,numpy,14,4.172440e-02,1.053101e+02
1300,scipy,14,7.676439e-02,5.724009e+01
1300,cupy_fp32,14,1.257883e-03,3.493171e+03
1300,cupy_fp64,14,4.759716e-02,9.231643e+01
1300,c,14,7.982778e+00,5.504349e-01
1300,python,15,1.606841e+02,2.734558e-02
1300,numpy,15,4.327091e-02,1.015463e+02
1300,scipy,15,9.617111e-02,4.568940e+01
1300,cupy_fp32,15,1.241905e-03,3.538113e+03
1300,cupy_fp64,15,4.753075e-02,9.244541e+01
1300,c,15,7.386313e+00,5.948840e-01
1300,python,16,1.580175e+02,2.780704e-02
1300,numpy,16,4.128850e-02,1.064219e+02
1300,scipy,16,1.025081e-01,4.286491e+01
1300,cupy_fp32,16,1.260041e-03,3.487188e+03
1300,cupy_fp64,16,4.757827e-02,9.235308e+01
1300,c,16,7.486112e+00,5.869536e-01
1300,python,17,1.601471e+02,2.743727e-02
1300,numpy,17,2.205005e-02,1.992739e+02
1300,scipy,17,9.022672e-02,4.869954e+01
1300,cupy_fp32,17,1.258004e-03,3.492835e+03
1300,cupy_fp64,17,4.756139e-02,9.238586e+01
1300,c,17,7.433563e+00,5.911028e-01
1300,python,18,1.557122e+02,2.821872e-02
1300,numpy,18,2.181765e-02,2.013965e+02
1300,scipy,18,6.202421e-02,7.084331e+01
1300,cupy_fp32,18,1.248120e-03,3.520495e+03
1300,cupy_fp64,18,4.753535e-02,9.243646e+01
1300,c,18,6.587095e+00,6.670619e-01
1300,python,19,1.580924e+02,2.779387e-02
1300,numpy,19,2.288365e-02,1.920148e+02
1300,scipy,19,8.924867e-02,4.923323e+01
1300,cupy_fp32,19,1.248630e-03,3.519057e+03
1300,cupy_fp64,19,4.754256e-02,9.242245e+01
1300,c,19,7.256710e+00,6.055086e-01
1300,python,20,1.582598e+02,2.776448e-02
1300,numpy,20,2.657585e-02,1.653381e+02
1300,scipy,20,9.674267e-02,4.541946e+01
1300,cupy_fp32,20,1.243580e-03,3.533347e+03
1300,cupy_fp64,20,4.754967e-02,9.240863e+01
1300,c,20,7.107656e+00,6.182066e-01
1300,python,21,1.642607e+02,2.675016e-02
1300,numpy,21,2.243340e-02,1.958687e+02
1300,scipy,21,1.081509e-01,4.062844e+01
1300,cupy_fp32,21,1.246448e-03,3.525217e+03
1300,cupy_fp64,21,4.753324e-02,9.244058e+01
1300,c,21,7.749038e+00,5.670382e-01
1300,python,22,1.607977e+02,2.732627e-02
1300,numpy,22,2.654639e-02,1.655216e+02
1300,scipy,22,8.358708e-02,5.256793e+01
1300,cupy_fp32,22,1.248957e-03,3.518136e+03
1300,cupy_fp64,22,4.754668e-02,9.241445e+01
1300,c,22,8.410573e+00,5.224377e-01
1300,python,23,1.669494e+02,2.631935e-02
1300,numpy,23,2.809493e-02,1.563983e+02
1300,scipy,23,1.058031e-01,4.152997e+01
1300,cupy_fp32,23,1.258475e-03,3.491527e+03
1300,cupy_fp64,23,4.756507e-02,9.237872e+01
1300,c,23,8.507565e+00,5.164815e-01
1300,python,24,1.654211e+02,2.656251e-02
1300,numpy,24,3.270161e-02,1.343665e+02
1300,scipy,24,1.039545e-01,4.226849e+01
1300,cupy_fp32,24,1.276090e-03,3.443331e+03
1300,cupy_fp64,24,4.759576e-02,9.231916e+01
1300,c,24,8.433690e+00,5.210057e-01
1300,python,25,1.745967e+02,2.516657e-02
1300,numpy,25,2.973067e-02,1.477935e+02
1300,scipy,25,8.134860e-02,5.401445e+01
1300,cupy_fp32,25,1.257054e-03,3.495474e+03
1300,cupy_fp64,25,4.758283e-02,9.234424e+01
1300,c,25,8.408411e+00,5.225720e-01
1300,python,26,1.680831e+02,2.614183e-02
1300,numpy,26,2.953908e-02,1.487521e+02
1300,scipy,26,7.946955e-02,5.529162e+01
1300,cupy_fp32,26,1.260098e-03,3.487030e+03
1300,cupy_fp64,26,4.758946e-02,9.233137e+01
1300,c,26,8.680784e+00,5.061755e-01
1300,python,27,1.739380e+02,2.526187e-02
1300,numpy,27,3.716292e-02,1.182361e+02
1300,scipy,27,8.896861e-02,4.938820e+01
1300,cupy_fp32,27,1.248470e-03,3.519508e+03
1300,cupy_fp64,27,4.766121e-02,9.219237e+01
1300,c,27,8.480301e+00,5.181420e-01
1300,python,28,1.708705e+02,2.571539e-02
1300,numpy,28,2.595910e-02,1.692663e+02
1300,scipy,28,1.051010e-01,4.180739e+01
1300,cupy_fp32,28,1.305713e-03,3.365211e+03
1300,cupy_fp64,28,4.760953e-02,9.229245e+01
1300,c,28,8.288302e+00,5.301448e-01
1300,python,29,1.671048e+02,2.629488e-02
1300,numpy,29,2.849014e-02,1.542288e+02
1300,scipy,29,8.202854e-02,5.356672e+01
1300,cupy_fp32,29,1.246884e-03,3.523985e+03
1300,cupy_fp64,29,4.757164e-02,9.236596e+01
1300,c,29,8.426588e+00,5.214447e-01
1400,python,0,2.044850e+02,2.683816e-02
1400,numpy,0,4.370578e-02,1.255669e+02
1400,scipy,0,1.170878e-01,4.687081e+01
1400,cupy_fp32,0,1.479445e-03,3.709499e+03
1400,cupy_fp64,0,5.549830e-02,9.888591e+01
1400,c,0,8.897429e+00,6.168074e-01
1400,python,1,1.984257e+02,2.765771e-02
1400,numpy,1,3.162552e-02,1.735307e+02
1400,scipy,1,9.643796e-02,5.690705e+01
1400,cupy_fp32,1,1.536113e-03,3.572654e+03
1400,cupy_fp64,1,5.530999e-02,9.922259e+01
1400,c,1,8.546067e+00,6.421667e-01
1400,python,2,1.992001e+02,2.755019e-02
1400,numpy,2,3.285160e-02,1.670543e+02
1400,scipy,2,9.620956e-02,5.704215e+01
1400,cupy_fp32,2,1.480897e-03,3.705862e+03
1400,cupy_fp64,2,5.533268e-02,9.918189e+01
1400,c,2,8.563132e+00,6.408870e-01
1400,python,3,2.057540e+02,2.667263e-02
1400,numpy,3,3.657837e-02,1.500340e+02
1400,scipy,3,1.095156e-01,5.011159e+01
1400,cupy_fp32,3,1.441658e-03,3.806728e+03
1400,cupy_fp64,3,5.527055e-02,9.929339e+01
1400,c,3,8.650200e+00,6.344362e-01
1400,python,4,2.017376e+02,2.720365e-02
1400,numpy,4,3.094205e-02,1.773638e+02
1400,scipy,4,1.086538e-01,5.050903e+01
1400,cupy_fp32,4,1.446726e-03,3.793393e+03
1400,cupy_fp64,4,5.524639e-02,9.933680e+01
1400,c,4,8.092359e+00,6.781706e-01
1400,python,5,1.966786e+02,2.790339e-02
1400,numpy,5,2.938727e-02,1.867475e+02
1400,scipy,5,1.066005e-01,5.148194e+01
1400,cupy_fp32,5,1.463887e-03,3.748923e+03
1400,cupy_fp64,5,5.530368e-02,9.923391e+01
1400,c,5,7.757726e+00,7.074238e-01
1400,python,6,1.907897e+02,2.876465e-02
1400,numpy,6,2.631427e-02,2.085560e+02
1400,scipy,6,6.950647e-02,7.895668e+01
1400,cupy_fp32,6,1.481031e-03,3.705527e+03
1400,cupy_fp64,6,5.532999e-02,9.918672e+01
1400,c,6,7.744525e+00,7.086296e-01
1400,python,7,1.945867e+02,2.820337e-02
1400,numpy,7,2.781430e-02,1.973086e+02
1400,scipy,7,9.432166e-02,5.818388e+01
1400,cupy_fp32,7,1.524186e-03,3.600610e+03
1400,cupy_fp64,7,5.529545e-02,9.924867e+01
1400,c,7,8.213551e+00,6.681641e-01
1400,python,8,2.002266e+02,2.740894e-02
1400,numpy,8,2.835802e-02,1.935255e+02
1400,scipy,8,9.963973e-02,5.507843e+01
1400,cupy_fp32,8,1.441413e-03,3.807375e+03
1400,cupy_fp64,8,5.527917e-02,9.927790e+01
1400,c,8,8.866572e+00,6.189540e-01
1400,python,9,2.100198e+02,2.613087e-02
1400,numpy,9,4.795705e-02,1.144357e+02
1400,scipy,9,1.060967e-01,5.172640e+01
1400,cupy_fp32,9,1.474300e-03,3.722445e+03
1400,cupy_fp64,9,5.535471e-02,9.914243e+01
1400,c,9,8.846984e+00,6.203244e-01
1400,python,10,2.120523e+02,2.588041e-02
1400,numpy,10,3.658411e-02,1.500105e+02
1400,scipy,10,1.068570e-01,5.135834e+01
1400,cupy_fp32,10,1.612329e-03,3.403772e+03
1400,cupy_fp64,10,5.532562e-02,9.919456e+01
1400,c,10,8.993320e+00,6.102307e-01
1400,python,11,2.151789e+02,2.550436e-02
1400,numpy,11,4.209652e-02,1.303671e+02
1400,scipy,11,9.851892e-02,5.570504e+01
1400,cupy_fp32,11,1.457561e-03,3.765194e+03
1400,cupy_fp64,11,5.526617e-02,9.930125e+01
1400,c,11,8.874353e+00,6.184113e-01
1400,python,12,2.213302e+02,2.479553e-02
1400,numpy,12,3.346285e-02,1.640028e+02
1400,scipy,12,1.112432e-01,4.933334e+01
1400,cupy_fp32,12,1.444321e-03,3.799709e+03
1400,cupy_fp64,12,5.525028e-02,9.932981e+01
1400,c,12,8.928982e+00,6.146277e-01
1400,python,13,2.083201e+02,2.634407e-02
1400,numpy,13,2.928519e-02,1.873985e+02
1400,scipy,13,9.173925e-02,5.982173e+01
1400,cupy_fp32,13,1.447213e-03,3.792116e+03
1400,cupy_fp64,13,5.526850e-02,9.929707e+01
1400,c,13,8.389773e+00,6.541297e-01
1400,python,14,1.946952e+02,2.818765e-02
1400,numpy,14,2.885157e-02,1.902150e+02
1400,scipy,14,1.016681e-01,5.397958e+01
1400,cupy_fp32,14,4.481733e-03,1.224526e+03
1400,cupy_fp64,14,5.528820e-02,9.926169e+01
1400,c,14,7.775544e+00,7.058027e-01
1400,python,15,1.956336e+02,2.805245e-02
1400,numpy,15,3.483094e-02,1.575611e+02
1400,scipy,15,9.402424e-02,5.836792e+01
1400,cupy_fp32,15,1.440706e-03,3.809244e+03
1400,cupy_fp64,15,5.527145e-02,9.929178e+01
1400,c,15,8.276345e+00,6.630947e-01
1400,python,16,1.968617e+02,2.787743e-02
1400,numpy,16,3.812768e-02,1.439374e+02
1400,scipy,16,9.397026e-02,5.840146e+01
1400,cupy_fp32,16,1.450326e-03,3.783977e+03
1400,cupy_fp64,16,5.534060e-02,9.916770e+01
1400,c,16,8.291508e+00,6.618820e-01
1400,python,17,2.104718e+02,2.607475e-02
1400,numpy,17,4.096571e-02,1.339657e+02
1400,scipy,17,1.139500e-01,4.816148e+01
1400,cupy_fp32,17,1.063495e-02,5.160345e+02
1400,cupy_fp64,17,5.538947e-02,9.908021e+01
1400,c,17,9.200452e+00,5.964924e-01
1400,python,18,2.193268e+02,2.502202e-02
1400,numpy,18,3.552457e-02,1.544846e+02
1400,scipy,18,1.038192e-01,5.286113e+01
1400,cupy_fp32,18,1.470267e-03,3.732655e+03
1400,cupy_fp64,18,5.530224e-02,9.923648e+01
1400,c,18,8.997507e+00,6.099467e-01
1400,python,19,2.182421e+02,2.514638e-02
1400,numpy,19,2.880303e-02,1.905355e+02
1400,scipy,19,1.118891e-01,4.904856e+01
1400,cupy_fp32,19,1.488363e-03,3.687273e+03
1400,cupy_fp64,19,5.535631e-02,9.913956e+01
1400,c,19,8.884871e+00,6.176792e-01
1400,python,20,2.077699e+02,2.641384e-02
1400,numpy,20,3.104374e-02,1.767828e+02
1400,scipy,20,9.179089e-02,5.978807e+01
1400,cupy_fp32,20,1.462317e-03,3.752948e+03
1400,cupy_fp64,20,5.532495e-02,9.919575e+01
1400,c,20,8.940215e+00,6.138555e-01
1400,python,21,2.071653e+02,2.649093e-02
1400,numpy,21,3.437383e-02,1.596563e+02
1400,scipy,21,1.002738e-01,5.473013e+01
1400,cupy_fp32,21,1.449804e-03,3.785339e+03
1400,cupy_fp64,21,5.528990e-02,9.925864e+01
1400,c,21,8.634848e+00,6.355642e-01
1400,python,22,2.075738e+02,2.643878e-02
1400,numpy,22,2.956228e-02,1.856420e+02
1400,scipy,22,9.735848e-02,5.636900e+01
1400,cupy_fp32,22,1.442801e-03,3.803712e+03
1400,cupy_fp64,22,5.525117e-02,9.932821e+01
1400,c,22,8.686087e+00,6.318150e-01
1400,python,23,2.068386e+02,2.653276e-02
1400,numpy,23,4.440123e-02,1.236002e+02
1400,scipy,23,1.064232e-01,5.156772e+01
1400,cupy_fp32,23,1.492133e-03,3.677956e+03
1400,cupy_fp64,23,5.534102e-02,9.916694e+01
1400,c,23,8.983476e+00,6.108994e-01
1400,python,24,2.125865e+02,2.581538e-02
1400,numpy,24,3.912492e-02,1.402686e+02
1400,scipy,24,1.022686e-01,5.366263e+01
1400,cupy_fp32,24,1.450836e-03,3.782647e+03
1400,cupy_fp64,24,5.528547e-02,9.926659e+01
1400,c,24,8.861091e+00,6.193368e-01
1400,python,25,2.135956e+02,2.569342e-02
1400,numpy,25,3.241519e-02,1.693033e+02
1400,scipy,25,1.063184e-01,5.161853e+01
1400,cupy_fp32,25,1.512951e-03,3.627348e+03
1400,cupy_fp64,25,5.529879e-02,9.924268e+01
1400,c,25,8.555764e+00,6.414389e-01
1400,python,26,1.970427e+02,2.785183e-02
1400,numpy,26,3.073264e-02,1.785723e+02
1400,scipy,26,1.028885e-01,5.333930e+01
1400,cupy_fp32,26,1.316166e-02,4.169687e+02
1400,cupy_fp64,26,5.741606e-02,9.558301e+01
1400,c,26,8.749391e+00,6.272437e-01
1400,python,27,1.931807e+02,2.840863e-02
1400,numpy,27,5.271538e-02,1.041062e+02
1400,scipy,27,1.070116e-01,5.128414e+01
1400,cupy_fp32,27,1.315076e-02,4.173143e+02
1400,cupy_fp64,27,5.753046e-02,9.539295e+01
1400,c,27,8.191372e+00,6.699732e-01
1400,python,28,1.999045e+02,2.745311e-02
1400,numpy,28,4.544770e-02,1.207542e+02
1400,scipy,28,1.002268e-01,5.475584e+01
1400,cupy_fp32,28,1.448038e-03,3.789956e+03
1400,cupy_fp64,28,5.533752e-02,9.917322e+01
1400,c,28,8.682876e+00,6.320487e-01
1400,python,29,2.104785e+02,2.607392e-02
1400,numpy,29,3.773193e-02,1.454471e+02
1400,scipy,29,1.106409e-01,4.960193e+01
1400,cupy_fp32,29,1.480893e-03,3.705872e+03
1400,cupy_fp64,29,5.536115e-02,9.913089e+01
1400,c,29,9.359037e+00,5.863851e-01
1500,python,0,3.000648e+02,2.249514e-02
1500,numpy,0,4.195674e-02,1.608800e+02
1500,scipy,0,1.008817e-01,6.691004e+01
1500,cupy_fp32,0,1.759310e-03,3.836731e+03
1500,cupy_fp64,0,7.289119e-02,9.260379e+01
1500,c,0,1.346228e+01,5.014011e-01
1500,python,1,4.956699e+02,1.361793e-02
1500,numpy,1,4.359345e-02,1.548398e+02
1500,scipy,1,1.077185e-01,6.266331e+01
1500,cupy_fp32,1,1.561288e-02,4.323353e+02
1500,cupy_fp64,1,7.419058e-02,9.098190e+01
1500,c,1,1.215661e+01,5.552534e-01
1500,python,2,2.790175e+02,2.419203e-02
1500,numpy,2,3.266331e-02,2.066539e+02
1500,scipy,2,1.004708e-01,6.718368e+01
1500,cupy_fp32,2,1.726997e-03,3.908519e+03
1500,cupy_fp64,2,7.228403e-02,9.338162e+01
1500,c,2,1.139939e+01,5.921368e-01
1500,python,3,2.722205e+02,2.479607e-02
1500,numpy,3,3.251460e-02,2.075990e+02
1500,scipy,3,8.187303e-02,8.244473e+01
1500,cupy_fp32,3,1.737047e-03,3.885905e+03
1500,cupy_fp64,3,7.227463e-02,9.339377e+01
1500,c,3,1.162037e+01,5.808767e-01
1500,python,4,2.795656e+02,2.414460e-02
1500,numpy,4,3.270191e-02,2.064099e+02
1500,scipy,4,8.124363e-02,8.308344e+01
1500,cupy_fp32,4,1.736817e-03,3.886420e+03
1500,cupy_fp64,4,7.228760e-02,9.337701e+01
1500,c,4,1.182878e+01,5.706419e-01
1500,python,5,2.731307e+02,2.471344e-02
1500,numpy,5,3.241841e-02,2.082151e+02
1500,scipy,5,8.132914e-02,8.299609e+01
1500,cupy_fp32,5,1.737849e-03,3.884112e+03
1500,cupy_fp64,5,7.228459e-02,9.338090e+01
1500,c,5,1.148713e+01,5.876143e-01
1500,python,6,2.749242e+02,2.455222e-02
1500,numpy,6,4.354238e-02,1.550214e+02
1500,scipy,6,1.011458e-01,6.673536e+01
1500,cupy_fp32,6,1.736839e-03,3.886371e+03
1500,cupy_fp64,6,7.228435e-02,9.338121e+01
1500,c,6,1.144033e+01,5.900178e-01
1500,python,7,2.792882e+02,2.416858e-02
1500,numpy,7,3.257613e-02,2.072069e+02
1500,scipy,7,1.018303e-01,6.628676e+01
1500,cupy_fp32,7,1.734595e-03,3.891398e+03
1500,cupy_fp64,7,7.228968e-02,9.337432e+01
1500,c,7,1.154771e+01,5.845315e-01
1500,python,8,2.717183e+02,2.484190e-02
1500,numpy,8,4.120355e-02,1.638208e+02
1500,scipy,8,1.030284e-01,6.551593e+01
1500,cupy_fp32,8,1.734406e-03,3.891822e+03
1500,cupy_fp64,8,7.229803e-02,9.336354e+01
1500,c,8,1.187188e+01,5.685704e-01
1500,python,9,2.747468e+02,2.456808e-02
1500,numpy,9,3.266747e-02,2.066276e+02
1500,scipy,9,1.017148e-01,6.636200e+01
1500,cupy_fp32,9,1.763150e-03,3.828375e+03
1500,cupy_fp64,9,7.233172e-02,9.332005e+01
1500,c,9,1.152794e+01,5.855340e-01
1500,python,10,2.711351e+02,2.489533e-02
1500,numpy,10,3.258142e-02,2.071733e+02
1500,scipy,10,9.612791e-02,7.021894e+01
1500,cupy_fp32,10,1.735429e-03,3.889528e+03
1500,cupy_fp64,10,7.231258e-02,9.334476e+01
1500,c,10,1.156544e+01,5.836355e-01
1500,python,11,2.794033e+02,2.415862e-02
1500,numpy,11,3.477503e-02,1.941048e+02
1500,scipy,11,1.035739e-01,6.517086e+01
1500,cupy_fp32,11,1.736950e-03,3.886122e+03
1500,cupy_fp64,11,7.219193e-02,9.350075e+01
1500,c,11,1.229757e+01,5.488889e-01
1500,python,12,2.719555e+02,2.482024e-02
1500,numpy,12,4.739390e-02,1.424234e+02
1500,scipy,12,1.057139e-01,6.385158e+01
1500,cupy_fp32,12,1.735770e-03,3.888764e+03
1500,cupy_fp64,12,7.230759e-02,9.335119e+01
1500,c,12,1.257718e+01,5.366864e-01
1500,python,13,2.766171e+02,2.440196e-02
1500,numpy,13,3.255947e-02,2.073129e+02
1500,scipy,13,1.010696e-01,6.678569e+01
1500,cupy_fp32,13,2.749225e-02,2.455237e+02
1500,cupy_fp64,13,7.228703e-02,9.337775e+01
1500,c,13,1.113045e+01,6.064444e-01
1500,python,14,2.674082e+02,2.524231e-02
1500,numpy,14,3.249949e-02,2.076956e+02
1500,scipy,14,1.012200e-01,6.668640e+01
1500,cupy_fp32,14,1.737249e-03,3.885453e+03
1500,cupy_fp64,14,7.228739e-02,9.337728e+01
1500,c,14,1.110888e+01,6.076219e-01
1500,python,15,2.748315e+02,2.456050e-02
1500,numpy,15,3.282767e-02,2.056192e+02
1500,scipy,15,1.047353e-01,6.444820e+01
1500,cupy_fp32,15,1.732956e-03,3.895079e+03
1500,cupy_fp64,15,7.230453e-02,9.335514e+01
1500,c,15,1.246104e+01,5.416884e-01
1500,python,16,2.700771e+02,2.499286e-02
1500,numpy,16,4.569077e-02,1.477323e+02
1500,scipy,16,1.158933e-01,5.824322e+01
1500,cupy_fp32,16,1.736581e-03,3.886948e+03
1500,cupy_fp64,16,7.231233e-02,9.334508e+01
1500,c,16,1.238515e+01,5.450074e-01
1500,python,17,2.756170e+02,2.449051e-02
1500,numpy,17,3.471111e-02,1.944622e+02
1500,scipy,17,1.045661e-01,6.455246e+01
1500,cupy_fp32,17,2.565083e-03,2.631494e+03
1500,cupy_fp64,17,7.235130e-02,9.329480e+01
1500,c,17,1.230304e+01,5.486448e-01
1500,python,18,2.682679e+02,2.516142e-02
1500,numpy,18,6.159154e-02,1.095930e+02
1500,scipy,18,1.033411e-01,6.531770e+01
1500,cupy_fp32,18,1.733822e-03,3.893133e+03
1500,cupy_fp64,18,7.229491e-02,9.336756e+01
1500,c,18,1.180375e+01,5.718520e-01
1500,python,19,2.706326e+02,2.494156e-02
1500,numpy,19,3.515508e-02,1.920064e+02
1500,scipy,19,1.133225e-01,5.956451e+01
1500,cupy_fp32,19,1.740259e-03,3.878733e+03
1500,cupy_fp64,19,7.230965e-02,9.334853e+01
1500,c,19,1.252845e+01,5.387738e-01
1500,python,20,2.711066e+02,2.489796e-02
1500,numpy,20,3.426932e-02,1.969692e+02
1500,scipy,20,1.019104e-01,6.623466e+01
1500,cupy_fp32,20,1.942309e-03,3.475245e+03
1500,cupy_fp64,20,7.252743e-02,9.306824e+01
1500,c,20,1.211418e+01,5.571981e-01
1500,python,21,2.618928e+02,2.577391e-02
1500,numpy,21,3.258189e-02,2.071703e+02
1500,scipy,21,1.026791e-01,6.573882e+01
1500,cupy_fp32,21,1.905113e-03,3.543097e+03
1500,cupy_fp64,21,7.254903e-02,9.304053e+01
1500,c,21,1.137163e+01,5.935827e-01
1500,python,22,2.578397e+02,2.617905e-02
1500,numpy,22,3.257509e-02,2.072136e+02
1500,scipy,22,1.033480e-01,6.531332e+01
1500,cupy_fp32,22,1.790222e-03,3.770482e+03
1500,cupy_fp64,22,7.254299e-02,9.304827e+01
1500,c,22,1.111302e+01,6.073955e-01
1500,python,23,2.625831e+02,2.570615e-02
1500,numpy,23,3.268840e-02,2.064953e+02
1500,scipy,23,1.019294e-01,6.622229e+01
1500,cupy_fp32,23,1.895756e-03,3.560585e+03
1500,cupy_fp64,23,7.248936e-02,9.311711e+01
1500,c,23,1.107932e+01,6.092433e-01
1500,python,24,2.608513e+02,2.587681e-02
1500,numpy,24,3.257399e-02,2.072205e+02
1500,scipy,24,1.037053e-01,6.508827e+01
1500,cupy_fp32,24,1.775168e-03,3.802457e+03
1500,cupy_fp64,24,7.248860e-02,9.311809e+01
1500,c,24,1.109053e+01,6.086274e-01
1500,python,25,2.616115e+02,2.580162e-02
1500,numpy,25,3.252601e-02,2.075262e+02
1500,scipy,25,8.030872e-02,8.405064e+01
1500,cupy_fp32,25,1.911806e-03,3.530693e+03
1500,cupy_fp64,25,7.247013e-02,9.314183e+01
1500,c,25,1.106533e+01,6.100135e-01
1500,python,26,2.589163e+02,2.607020e-02
1500,numpy,26,4.037472e-02,1.671838e+02
1500,scipy,26,1.025813e-01,6.580147e+01
1500,cupy_fp32,26,9.721397e-01,6.943446e+00
1500,cupy_fp64,26,7.384238e-02,9.141092e+01
1500,c,26,1.205898e+01,5.597486e-01
1500,python,27,2.768009e+02,2.438576e-02
1500,numpy,27,3.339928e-02,2.021001e+02
1500,scipy,27,1.113648e-01,6.061163e+01
1500,cupy_fp32,27,1.755062e-03,3.846018e+03
1500,cupy_fp64,27,7.234691e-02,9.330046e+01
1500,c,27,1.235377e+01,5.463921e-01
1500,python,28,2.752676e+02,2.452159e-02
1500,numpy,28,3.298648e-02,2.046293e+02
1500,scipy,28,1.021096e-01,6.610542e+01
1500,cupy_fp32,28,1.739589e-03,3.880227e+03
1500,cupy_fp64,28,7.230894e-02,9.334945e+01
1500,c,28,1.242402e+01,5.433022e-01
1500,python,29,2.750812e+02,2.453821e-02
1500,numpy,29,3.297953e-02,2.046724e+02
1500,scipy,29,1.045459e-01,6.456496e+01
1500,cupy_fp32,29,1.734665e-03,3.891241e+03
1500,cupy_fp64,29,7.228524e-02,9.338005e+01
1500,c,29,1.241410e+01,5.437366e-01
